timestamp,est_time,market,side,type,entry_price,exit_price,qty,pnl,exit_reason,remaining_at_entry,leader_bid_total,leader_ask_total,leader_bid_70plus,leader_spread,leader_best_bid,leader_best_ask,other_bid_total,other_ask_total,other_spread,depth_ratio,speed_to_60,speed_to_70,btc_price,btc_move,prev_side,prev_outcome,filtered,filter_reasons,skip_reason,up_high,down_high,avg_spread
2026-03-06 03:14:55,03:14:55 AM,"Bitcoin Up or Down - March 6, 3:10AM-3:15AM ET",Up,phantom-no_leader,0.66,1.0,30,10.2,phantom-win,59.12292218208313,0,0,0,0,0,0,0,0,0,0,0,0,70941.64,2.9199999999982538,,,True,skipped_no_leader,no_leader,0.6,0.49,0
2026-03-06 03:19:35,03:19:35 AM,"Bitcoin Up or Down - March 6, 3:15AM-3:20AM ET",Down,phantom-choppy,0.83,0.25,24,-13.92,phantom-lose,59.9302761554718,0,0,0,0,0,0,0,0,0,0,0,0,70905.31,55.69999999999709,,,True,skipped_choppy,choppy,0.69,0.87,0
2026-03-06 03:23:11,03:23:11 AM,"Bitcoin Up or Down - March 6, 3:20AM-3:25AM ET",Down,phantom-filtered,0.82,0.95,24,3.12,phantom-win,179.73320698738098,11293.92,38389.94,4143.18,0.01,0.81,0.82,1482.19,43061.52,0.01,7.62,0.0,0.0,70916.6,30.0,,,True,btc_move=$30<$40,,0,0,0
2026-03-06 03:29:27,03:29:27 AM,"Bitcoin Up or Down - March 6, 3:25AM-3:30AM ET",Down,phantom-filtered,0.71,0.21,28,-14.0,phantom-lose,157.55280327796936,4311.15,36807.85,41.82,0.01,0.7,0.71,1699.83,38829.64,0.01,2.54,0.0,0.0,70844.91,1.0100000000093132,,,True,bid_70+=$42<$200|depth_ratio=2.5x<4x|btc_move=$1<$40,,0,0,0
2026-03-06 03:32:43,03:32:43 AM,"Bitcoin Up or Down - March 6, 3:30AM-3:35AM ET",Up,real,0.74,0.94,27.0,5.4,tp,173.62039303779602,8049.32,31191.74,212.49,0.02,0.72,0.74,1447.18,42990.43,0.02,5.56,16.169309377670288,66.21464157104492,70984.91,66.04000000000815,,,False,,,0,0,0
2026-03-06 03:38:10,03:38:10 AM,"Bitcoin Up or Down - March 6, 3:35AM-3:40AM ET",Up,phantom-filtered,0.8,0.28,25,-13.0,phantom-lose,178.94371271133423,11393.45,36812.34,4262.32,0.01,0.79,0.8,1706.65,41635.51,0.01,6.68,0.0,0.0,71005.7,12.509999999994761,Up,tp,True,btc_move=$13<$40,,0,0,0
2026-03-06 03:44:55,03:44:55 AM,"Bitcoin Up or Down - March 6, 3:40AM-3:45AM ET",Up,phantom-filtered,0.81,1.0,24,4.56,phantom-win,179.76104140281677,7972.58,33962.8,2611.52,0.01,0.8,0.81,1432.17,41005.72,0.01,5.57,0.0,0.0,70980.0,31.50999999999476,Up,tp,True,btc_move=$32<$40,,0,0,0
2026-03-06 03:49:55,03:49:55 AM,"Bitcoin Up or Down - March 6, 3:45AM-3:50AM ET",Up,phantom-filtered,0.72,0,27,-19.44,phantom-lose,142.9062168598175,7005.15,33163.72,468.88,0.01,0.71,0.72,1782.38,37110.28,0.01,3.93,0.0,96.84333086013794,70941.64,0.75,Up,tp,True,depth_ratio=3.9x<4x|btc_move=$1<$40,,0,0,0
2026-03-06 03:54:10,03:54:10 AM,"Bitcoin Up or Down - March 6, 3:50AM-3:55AM ET",Down,phantom-filtered,0.71,0.94,28,6.44,phantom-win,177.20807886123657,2874.88,31163.29,372.21,0.01,0.7,0.71,1824.44,31060.48,0.01,1.58,15.173604726791382,52.37974524497986,70837.8,56.31999999999243,Up,tp,True,depth_ratio=1.6x<4x,,0,0,0
2026-03-06 03:59:13,03:59:13 AM,"Bitcoin Up or Down - March 6, 3:55AM-4:00AM ET",Down,phantom-filtered,0.72,0.94,27,5.94,phantom-win,97.94240355491638,2489.53,28027.97,6.92,0.01,0.71,0.72,1274.4,26530.37,0.01,1.95,0.0,3.3913049697875977,70754.04,26.44000000000233,Up,tp,True,bid_70+=$7<$200|depth_ratio=1.9x<4x|btc_move=$26<$40,,0,0,0
2026-03-06 04:03:32,04:03:32 AM,"Bitcoin Up or Down - March 6, 4:00AM-4:05AM ET",Down,phantom-filtered,0.72,0.23,27,-13.23,phantom-lose,142.84921717643738,8057.55,29064.91,65.56,0.02,0.7,0.72,1610.4,33635.29,0.03,5.0,3.421346664428711,33.06182599067688,70746.63,21.25999999999476,Up,tp,True,bid_70+=$66<$200|btc_move=$21<$40,,0,0,0
2026-03-06 04:09:00,04:09:00 AM,"Bitcoin Up or Down - March 6, 4:05AM-4:10AM ET",Down,phantom-filtered,0.79,0.94,25,3.75,phantom-win,77.58841300010681,5991.57,30694.08,766.37,0.03,0.76,0.79,1117.64,35208.74,0.04,5.36,0.0,162.39658498764038,70737.47,14.809999999997672,Up,tp,True,btc_move=$15<$40,,0,0,0
2026-03-06 04:12:45,04:12:45 AM,"Bitcoin Up or Down - March 6, 4:10AM-4:15AM ET",Down,phantom-filtered,0.89,0.94,22,1.1,phantom-win,179.27090001106262,13056.66,30475.57,6125.76,0.01,0.88,0.89,814.57,43231.55,0.01,16.03,0.0,0.0,70567.0,26.44000000000233,Up,tp,True,btc_move=$26<$40,,0,0,0
2026-03-06 04:17:46,04:17:46 AM,"Bitcoin Up or Down - March 6, 4:15AM-4:20AM ET",Down,real,0.74,0.95,27.0,5.67,tp,152.24036073684692,7381.36,36781.59,1094.65,0.01,0.73,0.74,1770.12,40245.91,0.01,4.17,33.24816131591797,38.532859802246094,70516.69,49.84999999999127,Up,tp,False,,,0,0,0
2026-03-06 04:23:07,04:23:07 AM,"Bitcoin Up or Down - March 6, 4:20AM-4:25AM ET",Down,phantom-filtered,0.8,0.94,25,3.5,phantom-win,179.83932828903198,11795.85,35259.74,4638.06,0.01,0.79,0.8,1502.83,40809.58,0.01,7.85,0.0,0.0,70527.23,8.190000000002328,Down,tp,True,btc_move=$8<$40,,0,0,0
2026-03-06 04:28:42,04:28:42 AM,"Bitcoin Up or Down - March 6, 4:25AM-4:30AM ET",Down,phantom-filtered,0.77,0.94,25,4.25,phantom-win,179.05273604393005,7241.68,36512.69,1007.29,0.02,0.75,0.77,1785.56,43043.82,0.02,4.06,0.0,25.72703719139099,70391.42,32.729999999995925,Down,tp,True,btc_move=$33<$40,,0,0,0
2026-03-06 04:34:13,04:34:13 AM,"Bitcoin Up or Down - March 6, 4:30AM-4:35AM ET",Down,phantom-choppy,0.8,0.94,25,3.5,phantom-win,59.05404758453369,0,0,0,0,0,0,0,0,0,0,0,0,70373.64,71.36999999999534,Down,tp,True,skipped_choppy,choppy,0.69,0.73,0
2026-03-06 04:38:40,04:38:40 AM,"Bitcoin Up or Down - March 6, 4:35AM-4:40AM ET",Up,phantom-filtered,0.73,0.94,27,5.67,phantom-win,179.24513506889343,8998.6,35217.67,400.14,0.02,0.71,0.73,1683.49,43383.39,0.02,5.35,0.0,57.42119359970093,70385.35,37.04000000000815,Down,tp,True,btc_move=$37<$40,,0,0,0
2026-03-06 04:43:23,04:43:23 AM,"Bitcoin Up or Down - March 6, 4:40AM-4:45AM ET",Up,real,0.75,0.95,26.0,5.2,tp,149.41442489624023,7936.14,30467.57,1081.67,0.01,0.74,0.75,1658.87,36753.42,0.01,4.78,23.638855934143066,52.52368474006653,70420.19,78.7100000000064,Down,tp,False,,,0,0,0
2026-03-06 04:49:03,04:49:03 AM,"Bitcoin Up or Down - March 6, 4:45AM-4:50AM ET",Down,phantom-choppy,0.93,0.94,21,0.21,phantom-win,59.97671985626221,0,0,0,0,0,0,0,0,0,0,0,0,70488.14,101.74000000000524,Up,tp,True,skipped_choppy,choppy,0.75,0.93,0
2026-03-06 04:53:37,04:53:37 AM,"Bitcoin Up or Down - March 6, 4:50AM-4:55AM ET",Up,real,0.77,0.94,25.0,4.25,tp,131.62170934677124,8044.97,22671.71,419.66,0.01,0.76,0.77,887.53,36526.79,0.02,9.06,21.443910360336304,29.864864110946655,70538.8,40.4600000000064,Up,tp,False,,,0,0,0
2026-03-06 04:57:28,04:57:28 AM,"Bitcoin Up or Down - March 6, 4:55AM-5:00AM ET",Up,real,0.85,0.94,23.0,2.07,tp,179.20822286605835,9407.16,31594.35,4549.13,0.01,0.84,0.85,1167.51,38200.87,0.01,8.06,1.2918007373809814,19.337111473083496,70584.65,68.73999999999069,Up,tp,False,,,0,0,0
2026-03-06 05:04:06,05:04:06 AM,"Bitcoin Up or Down - March 6, 5:00AM-5:05AM ET",Up,phantom-filtered,0.72,0.94,27,5.94,phantom-win,116.79904770851135,8489.95,28249.69,941.81,0.01,0.71,0.72,1347.65,35157.66,0.01,6.3,0.0,0.0,70600.0,25.970000000001164,Up,tp,True,btc_move=$26<$40,,0,0,0
2026-03-06 05:09:48,05:09:48 AM,"Bitcoin Up or Down - March 6, 5:05AM-5:10AM ET",Up,phantom-choppy,0.45,0.95,44,22.0,phantom-win,59.94411540031433,0,0,0,0,0,0,0,0,0,0,0,0,70640.88,59.04999999998836,Up,tp,True,skipped_choppy,choppy,0.73,0.62,0
2026-03-06 05:14:55,05:14:55 AM,"Bitcoin Up or Down - March 6, 5:10AM-5:15AM ET",Down,phantom-filtered,0.76,1.0,26,6.24,phantom-win,179.6502206325531,10594.05,32639.58,1924.77,0.01,0.75,0.76,1696.78,39449.35,0.01,6.24,5.545921564102173,34.31685781478882,70639.14,30.869999999995343,Up,tp,True,btc_move=$31<$40,,0,0,0
2026-03-06 05:19:45,05:19:45 AM,"Bitcoin Up or Down - March 6, 5:15AM-5:20AM ET",Up,phantom-choppy,0.53,0.16,37,-13.69,phantom-lose,59.670162200927734,0,0,0,0,0,0,0,0,0,0,0,0,70697.41,30.820000000006985,Up,tp,True,skipped_choppy,choppy,0.81,0.73,0
2026-03-06 05:23:51,05:23:51 AM,"Bitcoin Up or Down - March 6, 5:20AM-5:25AM ET",Up,phantom-filtered,0.72,0.95,27,6.21,phantom-win,167.44714641571045,8439.53,37590.68,193.26,0.01,0.71,0.72,1846.04,43925.96,0.01,4.57,9.797597885131836,72.22681331634521,70691.43,29.39999999999418,Up,tp,True,bid_70+=$193<$200|btc_move=$29<$40,,0,0,0
2026-03-06 05:29:28,05:29:28 AM,"Bitcoin Up or Down - March 6, 5:25AM-5:30AM ET",Down,phantom-choppy,0.76,0.25,26,-13.26,phantom-lose,59.088860511779785,0,0,0,0,0,0,0,0,0,0,0,0,70735.62,24.860000000000582,Up,tp,True,skipped_choppy,choppy,0.69,0.88,0
2026-03-06 05:32:18,05:32:18 AM,"Bitcoin Up or Down - March 6, 5:30AM-5:35AM ET",Down,phantom-filtered,0.83,0.94,24,2.64,phantom-win,179.89899230003357,14531.53,33533.03,4911.0,0.01,0.82,0.83,1274.52,46090.25,0.01,11.4,0.0,0.0,70701.68,27.789999999993597,Up,tp,True,btc_move=$28<$40,,0,0,0
2026-03-06 05:39:21,05:39:21 AM,"Bitcoin Up or Down - March 6, 5:35AM-5:40AM ET",Down,phantom-filtered,0.73,0.94,27,5.67,phantom-win,114.95871114730835,4769.8,30068.68,312.32,0.01,0.72,0.73,1339.14,33143.5,0.01,3.56,0.0,0.0,70567.32,13.310000000012224,Up,tp,True,depth_ratio=3.6x<4x|btc_move=$13<$40,,0,0,0
2026-03-06 05:44:48,05:44:48 AM,"Bitcoin Up or Down - March 6, 5:40AM-5:45AM ET",Down,phantom-choppy,0.71,0.23,28,-13.44,phantom-lose,59.27225685119629,0,0,0,0,0,0,0,0,0,0,0,0,70523.99,25.90999999998894,Up,tp,True,skipped_choppy,choppy,0.75,0.85,0
2026-03-06 05:49:37,05:49:37 AM,"Bitcoin Up or Down - March 6, 5:45AM-5:50AM ET",Up,phantom-choppy,0.59,0.27,33,-10.56,phantom-lose,59.193636655807495,0,0,0,0,0,0,0,0,0,0,0,0,70576.94,36.54000000000815,Up,tp,True,skipped_choppy,choppy,0.78,0.67,0
2026-03-06 05:54:55,05:54:55 AM,"Bitcoin Up or Down - March 6, 5:50AM-5:55AM ET",Up,phantom-choppy,0.77,1.0,25,5.75,phantom-win,59.90107178688049,0,0,0,0,0,0,0,0,0,0,0,0,70577.95,87.94000000000233,Up,tp,True,skipped_choppy,choppy,0.9,0.87,0
2026-03-06 05:59:55,05:59:55 AM,"Bitcoin Up or Down - March 6, 5:55AM-6:00AM ET",Up,real,0.8,0,25.0,-20.0,resolved-loss,160.46404695510864,7210.58,31460.19,1199.86,0.01,0.81,0.82,1065.3,40766.93,0.01,6.77,54.606215953826904,79.13580632209778,70595.04,69.94999999999709,Up,tp,False,,,0,0,0
2026-03-06 06:04:09,06:04:09 AM,"Bitcoin Up or Down - March 6, 6:00AM-6:05AM ET",Down,phantom-filtered,0.75,0.97,26,5.72,phantom-win,179.7833070755005,9901.92,34766.46,1147.54,0.01,0.74,0.75,1584.76,41892.46,0.01,6.25,0.0,56.482101917266846,70491.66,20.330000000001746,Up,resolved-loss,True,btc_move=$20<$40,,0,0,0
2026-03-06 06:09:26,06:09:26 AM,"Bitcoin Up or Down - March 6, 6:05AM-6:10AM ET",Up,phantom-choppy,0.37,0.1,54,-14.58,phantom-lose,59.710302114486694,0,0,0,0,0,0,0,0,0,0,0,0,70444.98,11.629999999990105,Up,resolved-loss,True,skipped_choppy,choppy,0.83,0.66,0
2026-03-06 06:14:00,06:14:00 AM,"Bitcoin Up or Down - March 6, 6:10AM-6:15AM ET",Up,phantom-choppy,0.98,0.97,20,-0.2,phantom-win,59.70146417617798,0,0,0,0,0,0,0,0,0,0,0,0,70568.41,149.8700000000099,Up,resolved-loss,True,skipped_choppy,choppy,0.98,0.64,0
2026-03-06 06:19:46,06:19:46 AM,"Bitcoin Up or Down - March 6, 6:15AM-6:20AM ET",Down,phantom-filtered,0.73,0.95,27,5.94,phantom-win,78.34477162361145,3998.41,25234.84,49.56,0.03,0.7,0.73,1234.17,27240.46,0.01,3.24,128.70659637451172,161.46903443336487,70531.65,3.6499999999941792,Up,resolved-loss,True,bid_70+=$50<$200|depth_ratio=3.2x<4x|btc_move=$4<$40,,0,0,0
2026-03-06 06:23:37,06:23:37 AM,"Bitcoin Up or Down - March 6, 6:20AM-6:25AM ET",Up,phantom-filtered,0.73,0.28,27,-12.15,phantom-lose,178.01516127586365,11015.43,34919.09,190.53,0.01,0.72,0.73,1664.12,43619.65,0.01,6.62,0.0,15.082042217254639,70571.33,24.60000000000582,Up,resolved-loss,True,bid_70+=$191<$200|btc_move=$25<$40,,0,0,0
2026-03-06 06:29:54,06:29:54 AM,"Bitcoin Up or Down - March 6, 6:25AM-6:30AM ET",Up,phantom-filtered,0.75,0.98,26,5.98,phantom-win,128.28000378608704,7736.15,34307.84,99.86,0.02,0.73,0.75,1672.03,33966.82,0.01,4.63,0.0,28.90698003768921,70571.3,7.309999999997672,Up,resolved-loss,True,bid_70+=$100<$200|btc_move=$7<$40,,0,0,0
2026-03-06 06:34:34,06:34:34 AM,"Bitcoin Up or Down - March 6, 6:30AM-6:35AM ET",Down,phantom-filtered,0.72,0.96,27,6.48,phantom-win,176.11146903038025,9744.53,29518.65,419.3,0.02,0.7,0.72,1360.41,38168.32,0.01,7.16,24.602877616882324,63.72675275802612,70515.11,20.830000000001746,Up,resolved-loss,True,btc_move=$21<$40,,0,0,0
2026-03-06 06:37:25,06:37:25 AM,"Bitcoin Up or Down - March 6, 6:35AM-6:40AM ET",Up,real,0.94,0.94,21.0,0,tp,179.019437789917,13532.19,23962.5,6413.87,0.04,0.9,0.94,562.72,37799.54,0.04,24.05,0.0,0.0,70611.53,46.35000000000582,Up,resolved-loss,False,,,0,0,0
2026-03-06 06:43:31,06:43:31 AM,"Bitcoin Up or Down - March 6, 6:40AM-6:45AM ET",Down,real,0.76,0.94,26.0,4.68,tp,150.25919222831726,7807.66,34715.07,350.4,0.03,0.73,0.76,1527.31,42355.15,0.03,5.11,25.68583917617798,88.61565446853638,70509.65,101.80000000000291,Up,tp,False,,,0,0,0
2026-03-06 06:49:03,06:49:03 AM,"Bitcoin Up or Down - March 6, 6:45AM-6:50AM ET",Down,phantom-filtered,0.77,0.94,25,4.25,phantom-win,179.55772948265076,12276.2,38014.41,610.8,0.05,0.72,0.77,2138.74,41184.62,0.05,5.74,0.0,20.389523029327393,70308.44,3.6300000000046566,Down,tp,True,btc_move=$4<$40,,0,0,0
2026-03-06 06:54:26,06:54:26 AM,"Bitcoin Up or Down - March 6, 6:50AM-6:55AM ET",Down,phantom-filtered,0.71,0.94,28,6.44,phantom-win,159.07260751724243,8809.49,36660.39,63.37,0.01,0.7,0.71,2556.0,38712.36,0.01,3.45,14.109870672225952,57.46245503425598,70265.93,25.610000000000582,Down,tp,True,bid_70+=$63<$200|depth_ratio=3.5x<4x|btc_move=$26<$40,,0,0,0
2026-03-06 06:59:42,06:59:42 AM,"Bitcoin Up or Down - March 6, 6:55AM-7:00AM ET",Down,phantom-filtered,0.73,0.95,27,5.94,phantom-win,179.27348566055298,8322.03,39553.05,108.27,0.02,0.71,0.73,2123.88,41408.75,0.02,3.92,18.42322278022766,57.841651916503906,70217.0,19.029999999998836,Down,tp,True,bid_70+=$108<$200|depth_ratio=3.9x<4x|btc_move=$19<$40,,0,0,0
2026-03-06 07:04:55,07:04:55 AM,"Bitcoin Up or Down - March 6, 7:00AM-7:05AM ET",Down,phantom-no_leader,0.69,1.0,28,8.68,phantom-win,59.36223888397217,0,0,0,0,0,0,0,0,0,0,0,0,70200.0,1.3099999999976717,Down,tp,True,skipped_no_leader,no_leader,0.5,0.65,0
2026-03-06 07:08:39,07:08:39 AM,"Bitcoin Up or Down - March 6, 7:05AM-7:10AM ET",Down,phantom-filtered,0.77,0.95,25,4.5,phantom-win,129.99842381477356,7830.41,29621.33,56.8,0.06,0.71,0.77,1977.62,36743.5,0.06,3.96,98.39963245391846,109.9557089805603,69999.22,154.7899999999936,Down,tp,True,bid_70+=$57<$200|depth_ratio=4.0x<4x,,0,0,0
2026-03-06 07:14:01,07:14:01 AM,"Bitcoin Up or Down - March 6, 7:10AM-7:15AM ET",Up,phantom-choppy,0.95,0.94,21,-0.21,phantom-win,59.19366955757141,0,0,0,0,0,0,0,0,0,0,0,0,69916.13,107.08000000000175,Down,tp,True,skipped_choppy,choppy,0.97,0.62,0
2026-03-06 07:18:36,07:18:36 AM,"Bitcoin Up or Down - March 6, 7:15AM-7:20AM ET",Up,real,0.81,0.94,24.0,3.12,tp,179.40572881698608,8357.86,30898.72,2472.17,0.01,0.8,0.81,1546.91,39344.58,0.01,5.4,0.0,34.30659794807434,70043.16,83.22000000000116,Down,tp,False,,,0,0,0
2026-03-06 07:23:20,07:23:20 AM,"Bitcoin Up or Down - March 6, 7:20AM-7:25AM ET",Down,phantom-filtered,0.82,0.94,24,2.88,phantom-win,179.47983932495117,10939.42,33236.06,3661.04,0.02,0.8,0.82,1156.15,40751.08,0.01,9.46,0.0,8.956511735916138,70098.11,35.11000000000058,Up,tp,True,btc_move=$35<$40,,0,0,0
2026-03-06 07:29:14,07:29:14 AM,"Bitcoin Up or Down - March 6, 7:25AM-7:30AM ET",Down,phantom-choppy,0.88,0.94,22,1.32,phantom-win,59.07172608375549,0,0,0,0,0,0,0,0,0,0,0,0,70043.24,29.25999999999476,Up,tp,True,skipped_choppy,choppy,0.67,0.87,0
2026-03-06 07:34:00,07:34:00 AM,"Bitcoin Up or Down - March 6, 7:30AM-7:35AM ET",Down,phantom-choppy,0.99,0.99,2000,0,phantom-win,59.37762260437012,0,0,0,0,0,0,0,0,0,0,0,0,69874.8,173.92999999999302,Up,tp,True,skipped_choppy,choppy,0.7,0.99,0
2026-03-06 07:38:25,07:38:25 AM,"Bitcoin Up or Down - March 6, 7:35AM-7:40AM ET",Down,real,0.8,0.94,25.0,3.5,tp,179.8720419406891,9576.37,29662.22,3173.57,0.01,0.79,0.8,1060.15,40918.48,0.01,9.03,0.0,0.0,69822.35,72.35000000000582,Up,tp,False,,,0,0,0
2026-03-06 07:44:09,07:44:09 AM,"Bitcoin Up or Down - March 6, 7:40AM-7:45AM ET",Up,phantom-choppy,0.57,0.28,35,-10.15,phantom-lose,59.851109981536865,0,0,0,0,0,0,0,0,0,0,0,0,69778.47,46.470000000001164,Down,tp,True,skipped_choppy,choppy,0.84,0.61,0
2026-03-06 07:49:55,07:49:55 AM,"Bitcoin Up or Down - March 6, 7:45AM-7:50AM ET",Down,phantom-filtered,0.71,0,28,-19.88,phantom-lose,157.38029980659485,9274.5,38509.81,80.0,0.01,0.7,0.71,2154.22,45626.43,0.01,4.31,68.41360807418823,82.32012462615967,69711.92,25.25999999999476,Down,tp,True,bid_70+=$80<$200|btc_move=$25<$40,,0,0,0
2026-03-06 07:52:39,07:52:39 AM,"Bitcoin Up or Down - March 6, 7:50AM-7:55AM ET",Up,phantom-filtered,0.77,0.94,25,4.25,phantom-win,179.735200881958,9689.98,39046.1,1859.94,0.01,0.76,0.77,1933.42,44055.24,0.01,5.01,0.0,0.0,69838.2,0.8300000000017462,Down,tp,True,btc_move=$1<$40,,0,0,0
2026-03-06 07:59:55,07:59:55 AM,"Bitcoin Up or Down - March 6, 7:55AM-8:00AM ET",Up,phantom-filtered,0.89,1.0,22,2.42,phantom-win,179.8959813117981,13360.0,33442.4,7013.88,0.01,0.88,0.89,1022.05,47014.36,0.01,13.07,0.0,0.0,70043.37,16.89999999999418,Down,tp,True,btc_move=$17<$40,,0,0,0
2026-03-06 08:04:55,08:04:55 AM,"Bitcoin Up or Down - March 6, 8:00AM-8:05AM ET",Up,phantom-filtered,0.71,1.0,28,8.12,phantom-win,179.7994043827057,8296.41,41541.27,59.04,0.01,0.7,0.71,2756.11,47377.65,0.01,3.01,0.0,7.650622367858887,69985.11,5.169999999998254,Down,tp,True,bid_70+=$59<$200|depth_ratio=3.0x<4x|btc_move=$5<$40,,0,0,0
2026-03-06 08:09:51,08:09:51 AM,"Bitcoin Up or Down - March 6, 8:05AM-8:10AM ET",Up,real,0.83,0.95,24.0,2.88,tp,179.6501088142395,9742.56,36459.58,3290.72,0.01,0.82,0.83,1168.14,45059.67,0.01,8.34,5.51993989944458,26.820300102233887,70018.6,74.18000000000757,Down,tp,False,,,0,0,0
2026-03-06 08:14:53,08:14:53 AM,"Bitcoin Up or Down - March 6, 8:10AM-8:15AM ET",Up,phantom-filtered,0.71,0.95,28,6.72,phantom-win,174.37027716636658,6550.85,41289.68,24.5,0.01,0.7,0.71,2050.95,45046.52,0.01,3.19,0.0,64.87520265579224,70019.0,19.130000000004657,Up,tp,True,bid_70+=$24<$200|depth_ratio=3.2x<4x|btc_move=$19<$40,,0,0,0
2026-03-06 08:19:11,08:19:11 AM,"Bitcoin Up or Down - March 6, 8:15AM-8:20AM ET",Down,phantom-choppy,0.48,0.2,41,-11.48,phantom-lose,59.36134123802185,0,0,0,0,0,0,0,0,0,0,0,0,69997.95,6.889999999999418,Up,tp,True,skipped_choppy,choppy,0.67,0.8,0
2026-03-06 08:24:36,08:24:36 AM,"Bitcoin Up or Down - March 6, 8:20AM-8:25AM ET",Down,phantom-filtered,0.82,0.25,24,-13.68,phantom-lose,179.60500383377075,7358.71,36957.28,1543.21,0.01,0.81,0.82,1282.52,41585.82,0.01,5.74,0.0,0.0,69919.28,29.819999999992433,Up,tp,True,btc_move=$30<$40,,0,0,0
2026-03-06 08:28:15,08:28:15 AM,"Bitcoin Up or Down - March 6, 8:25AM-8:30AM ET",Up,phantom-filtered,0.74,0.94,27,5.4,phantom-win,175.04975032806396,10640.64,36046.63,301.13,0.02,0.73,0.75,1569.0,51547.06,0.02,6.78,0.0,6.575488805770874,70112.75,16.539999999993597,Up,tp,True,btc_move=$17<$40,,0,0,0
2026-03-06 08:34:42,08:34:42 AM,"Bitcoin Up or Down - March 6, 8:30AM-8:35AM ET",Down,real,0.75,0.25,26.0,-13.0,sl,179.80144429206848,8891.36,37145.61,470.05,0.01,0.74,0.75,1553.62,47047.74,0.01,5.72,0.0,7.6807544231414795,69976.88,66.58000000000175,Up,tp,False,,,0,0,0
2026-03-06 08:39:41,08:39:41 AM,"Bitcoin Up or Down - March 6, 8:35AM-8:40AM ET",Down,phantom-choppy,0.69,0.95,28,7.28,phantom-win,58.942261695861816,0,0,0,0,0,0,0,0,0,0,0,0,70132.97,139.8399999999965,Down,sl,True,skipped_choppy,choppy,0.72,0.73,0
2026-03-06 08:44:55,08:44:55 AM,"Bitcoin Up or Down - March 6, 8:40AM-8:45AM ET",Down,phantom-filtered,0.84,1.0,23,3.68,phantom-win,179.21827125549316,13988.16,35255.32,4758.79,0.01,0.83,0.84,1189.92,46007.93,0.01,11.76,0.0,0.0,69953.91,29.34999999999127,Down,sl,True,btc_move=$29<$40,,0,0,0
2026-03-06 08:47:57,08:47:57 AM,"Bitcoin Up or Down - March 6, 8:45AM-8:50AM ET",Down,phantom-filtered,0.91,0.94,21,0.63,phantom-win,167.1388590335846,15767.5,34770.54,9303.41,0.01,0.9,0.91,792.48,50268.71,0.01,19.9,0.0,0.0,69888.76,0.03999999999359716,Down,sl,True,btc_move=$0<$40,,0,0,0
2026-03-06 08:54:52,08:54:52 AM,"Bitcoin Up or Down - March 6, 8:50AM-8:55AM ET",Down,phantom-filtered,0.78,0.97,25,4.75,phantom-win,179.01336145401,11557.95,44493.63,1923.44,0.01,0.77,0.78,1781.88,54013.96,0.01,6.49,0.0,49.048529624938965,69848.03,39.520000000004075,Down,sl,True,btc_move=$40<$40,,0,0,0
2026-03-06 08:59:00,08:59:00 AM,"Bitcoin Up or Down - March 6, 8:55AM-9:00AM ET",Down,phantom-no_leader,0.99,0.99,2000,0,phantom-win,59.45918917655945,0,0,0,0,0,0,0,0,0,0,0,0,69366.84,102.88999999999942,Down,sl,True,skipped_no_leader,no_leader,0.07,0.99,0
2026-03-06 09:04:55,09:04:55 AM,"Bitcoin Up or Down - March 6, 9:00AM-9:05AM ET",Down,real,0.81,1.0,24.0,4.56,resolved-win,179.78324460983276,10123.57,43747.36,1336.55,0.01,0.79,0.8,1480.75,54233.69,0.01,6.84,0.0,0.0,69072.4,156.22999999999593,Down,sl,False,,,0,0,0
2026-03-06 09:08:36,09:08:36 AM,"Bitcoin Up or Down - March 6, 9:05AM-9:10AM ET",Down,phantom-filtered,0.79,0.94,25,3.75,phantom-win,179.71967911720276,16199.91,43929.13,7303.63,0.01,0.78,0.79,1864.95,54111.11,0.01,8.69,0.0,0.0,69038.69,20.270000000004075,Down,resolved-win,True,btc_move=$20<$40,,0,0,0
2026-03-06 09:14:23,09:14:23 AM,"Bitcoin Up or Down - March 6, 9:10AM-9:15AM ET",Up,phantom-filtered,0.79,0.94,25,3.75,phantom-win,179.93818545341492,10094.85,36340.24,2834.23,0.02,0.78,0.8,1246.75,49024.66,0.02,8.1,0.0,0.0,68789.17,12.220000000001164,Down,resolved-win,True,btc_move=$12<$40,,0,0,0
2026-03-06 09:19:00,09:19:00 AM,"Bitcoin Up or Down - March 6, 9:15AM-9:20AM ET",Up,phantom-choppy,0.96,0.95,20,-0.2,phantom-win,59.80194878578186,0,0,0,0,0,0,0,0,0,0,0,0,68962.6,147.94000000000233,Down,resolved-win,True,skipped_choppy,choppy,0.95,0.69,0
2026-03-06 09:24:14,09:24:14 AM,"Bitcoin Up or Down - March 6, 9:20AM-9:25AM ET",Down,phantom-filtered,0.71,0.25,28,-12.88,phantom-lose,78.26607275009155,7924.28,53926.83,0.0,0.01,0.69,0.7,2858.07,58857.86,0.01,2.77,22.789412021636963,161.61419534683228,68943.87,13.900000000008731,Down,resolved-win,True,bid_70+=$0<$200|depth_ratio=2.8x<4x|btc_move=$14<$40,,0,0,0
2026-03-06 09:29:55,09:29:55 AM,"Bitcoin Up or Down - March 6, 9:25AM-9:30AM ET",Up,phantom-choppy,0.89,1.0,22,2.42,phantom-win,59.62582349777222,0,0,0,0,0,0,0,0,0,0,0,0,69062.97,112.97999999999593,Down,resolved-win,True,skipped_choppy,choppy,0.9,0.6,0
2026-03-06 09:34:40,09:34:40 AM,"Bitcoin Up or Down - March 6, 9:30AM-9:35AM ET",Down,real,0.73,0.95,27.0,5.94,tp,179.84198236465454,11020.52,43668.88,412.45,0.01,0.72,0.73,2326.42,48015.49,0.01,4.74,7.810686349868774,24.884997129440308,68831.71,163.63999999999942,Down,resolved-win,False,,,0,0,0
2026-03-06 09:37:32,09:37:32 AM,"Bitcoin Up or Down - March 6, 9:35AM-9:40AM ET",Down,real,0.9,0.94,22.0,0.88,tp,158.2311601638794,15470.08,30507.51,7350.74,0.01,0.89,0.9,728.32,46592.44,0.01,21.24,0.0,0.0,68599.16,45.5399999999936,Down,tp,False,,,0,0,0
2026-03-06 09:44:08,09:44:08 AM,"Bitcoin Up or Down - March 6, 9:40AM-9:45AM ET",Up,phantom-filtered,0.71,0.94,28,6.44,phantom-win,179.64149379730225,9274.98,42261.77,45.11,0.01,0.7,0.71,2450.7,50123.52,0.01,3.78,11.039095163345337,18.488640069961548,68758.0,95.63000000000466,Down,tp,True,bid_70+=$45<$200|depth_ratio=3.8x<4x,,0,0,0
2026-03-06 09:48:22,09:48:22 AM,"Bitcoin Up or Down - March 6, 9:45AM-9:50AM ET",Down,phantom-filtered,0.73,0.94,27,5.67,phantom-win,178.42383122444153,7349.78,58324.93,501.56,0.02,0.72,0.74,2979.32,41578.69,0.01,2.47,18.34876322746277,34.21443486213684,68568.53,162.47999999999593,Down,tp,True,depth_ratio=2.5x<4x,,0,0,0
2026-03-06 09:54:26,09:54:26 AM,"Bitcoin Up or Down - March 6, 9:50AM-9:55AM ET",Up,phantom-choppy,0.54,0.25,37,-10.73,phantom-lose,59.00033378601074,0,0,0,0,0,0,0,0,0,0,0,0,68431.88,22.169999999998254,Down,tp,True,skipped_choppy,choppy,0.71,0.68,0
2026-03-06 09:59:01,09:59:01 AM,"Bitcoin Up or Down - March 6, 9:55AM-10:00AM ET",Up,real,0.73,0.24,27.0,-13.23,sl,179.7366816997528,16311.06,37636.93,383.51,0.01,0.72,0.73,2145.5,50399.1,0.01,7.6,0.0,52.248631715774536,68449.16,64.30999999999767,Down,tp,False,,,0,0,0
2026-03-06 10:03:42,10:03:42 AM,"Bitcoin Up or Down - March 6, 10:00AM-10:05AM ET",Up,real,0.74,0.94,27.0,5.4,tp,161.64708614349365,12385.48,69969.64,951.99,0.02,0.73,0.75,2811.18,79005.82,0.02,4.41,7.743407726287842,78.31636905670166,68534.18,104.16999999999825,Up,sl,False,,,0,0,0
2026-03-06 10:09:18,10:09:18 AM,"Bitcoin Up or Down - March 6, 10:05AM-10:10AM ET",Down,phantom-choppy,0.82,0.94,24,2.88,phantom-win,59.252439975738525,0,0,0,0,0,0,0,0,0,0,0,0,68494.65,119.35000000000582,Up,tp,True,skipped_choppy,choppy,0.68,0.88,0
2026-03-06 10:12:31,10:12:31 AM,"Bitcoin Up or Down - March 6, 10:10AM-10:15AM ET",Up,real,0.8,0.94,25.0,3.5,tp,179.65585565567017,14328.94,68552.33,4357.92,0.01,0.79,0.8,2761.91,76359.63,0.01,5.19,1.2839701175689697,22.70261812210083,68456.28,73.61000000000058,Up,tp,False,,,0,0,0
2026-03-06 10:19:01,10:19:01 AM,"Bitcoin Up or Down - March 6, 10:15AM-10:20AM ET",Up,phantom-choppy,0.99,0.98,20,-0.2,phantom-win,59.300976037979126,0,0,0,0,0,0,0,0,0,0,0,0,68772.42,126.86999999999534,Up,tp,True,skipped_choppy,choppy,0.98,0.61,0
2026-03-06 10:24:00,10:24:00 AM,"Bitcoin Up or Down - March 6, 10:20AM-10:25AM ET",Up,phantom-choppy,0.98,0.97,20,-0.2,phantom-win,59.61831045150757,0,0,0,0,0,0,0,0,0,0,0,0,68907.74,171.97000000000116,Up,tp,True,skipped_choppy,choppy,0.98,0.62,0
2026-03-06 10:28:56,10:28:56 AM,"Bitcoin Up or Down - March 6, 10:25AM-10:30AM ET",Down,phantom-filtered,0.71,0.95,28,6.72,phantom-win,178.778963804245,7803.58,70505.32,14.0,0.01,0.7,0.71,3073.12,72270.51,0.01,2.54,0.0,60.98049449920654,68865.72,53.30999999999767,Up,tp,True,bid_70+=$14<$200|depth_ratio=2.5x<4x,,0,0,0
2026-03-06 10:34:05,10:34:05 AM,"Bitcoin Up or Down - March 6, 10:30AM-10:35AM ET",Up,real,0.81,0.27,24.0,-12.96,sl,179.02835631370544,22095.7,65729.75,11670.22,0.01,0.8,0.81,2315.93,80385.74,0.02,9.54,10.835968971252441,14.015127897262573,69000.87,108.20999999999185,Up,tp,False,,,0,0,0
2026-03-06 10:37:52,10:37:52 AM,"Bitcoin Up or Down - March 6, 10:35AM-10:40AM ET",Up,phantom-filtered,0.73,0.94,27,5.67,phantom-win,179.10828137397766,10264.08,71296.04,762.48,0.01,0.72,0.73,3726.48,75972.37,0.01,2.75,0.0,2.4285824298858643,68918.87,12.789999999993597,Up,sl,True,depth_ratio=2.8x<4x|btc_move=$13<$40,,0,0,0
2026-03-06 10:43:27,10:43:27 AM,"Bitcoin Up or Down - March 6, 10:40AM-10:45AM ET",Down,phantom-filtered,0.75,0.94,26,4.94,phantom-win,177.34733819961548,10899.77,72374.77,1264.46,0.01,0.74,0.75,3227.08,56014.75,0.01,3.38,7.726406812667847,41.68995428085327,68813.11,61.50999999999476,Up,sl,True,depth_ratio=3.4x<4x,,0,0,0
2026-03-06 10:48:40,10:48:40 AM,"Bitcoin Up or Down - March 6, 10:45AM-10:50AM ET",Down,real,0.85,0.94,23.0,2.07,tp,179.72035956382751,13111.21,66488.33,6406.19,0.01,0.84,0.85,2263.56,71429.9,0.01,5.79,0.0,9.82543158531189,68612.08,41.44999999999709,Up,sl,False,,,0,0,0
2026-03-06 10:54:00,10:54:00 AM,"Bitcoin Up or Down - March 6, 10:50AM-10:55AM ET",Down,phantom-no_leader,0.99,0.99,2000,0,phantom-win,59.884129762649536,0,0,0,0,0,0,0,0,0,0,0,0,68350.68,99.31000000001222,Down,tp,True,skipped_no_leader,no_leader,0.18,0.99,0
2026-03-06 10:58:07,10:58:07 AM,"Bitcoin Up or Down - March 6, 10:55AM-11:00AM ET",Up,phantom-filtered,0.91,0.94,21,0.63,phantom-win,117.74541568756104,18698.27,44773.87,8415.73,0.01,0.91,0.92,782.05,70914.4,0.01,23.91,0.0,0.0,68518.89,14.110000000000582,Down,tp,True,btc_move=$14<$40,,0,0,0
2026-03-06 11:04:00,11:04:00 AM,"Bitcoin Up or Down - March 6, 11:00AM-11:05AM ET",Up,phantom-choppy,0.99,0.98,20,-0.2,phantom-win,59.52467727661133,0,0,0,0,0,0,0,0,0,0,0,0,68694.73,128.97999999999593,Down,tp,True,skipped_choppy,choppy,0.97,0.69,0
2026-03-06 11:07:43,11:07:43 AM,"Bitcoin Up or Down - March 6, 11:05AM-11:10AM ET",Down,real,0.91,0.94,21.0,0.63,tp,179.0036027431488,22322.8,50069.54,9446.09,0.01,0.9,0.91,1175.45,72233.28,0.01,18.99,0.0,0.0,68621.05,62.38999999999942,Down,tp,False,,,0,0,0
2026-03-06 11:13:36,11:13:36 AM,"Bitcoin Up or Down - March 6, 11:10AM-11:15AM ET",Down,phantom-filtered,0.72,0.28,27,-11.88,phantom-lose,178.82216787338257,12432.73,68655.28,673.34,0.01,0.71,0.72,3680.47,74928.48,0.01,3.38,0.0,6.702344179153442,68316.87,12.279999999998836,Down,tp,True,depth_ratio=3.4x<4x|btc_move=$12<$40,,0,0,0
2026-03-06 11:19:36,11:19:36 AM,"Bitcoin Up or Down - March 6, 11:15AM-11:20AM ET",Down,phantom-choppy,0.89,0.28,22,-13.42,phantom-lose,59.249637842178345,0,0,0,0,0,0,0,0,0,0,0,0,68248.92,96.02999999999884,Down,tp,True,skipped_choppy,choppy,0.79,0.9,0
2026-03-06 11:24:34,11:24:34 AM,"Bitcoin Up or Down - March 6, 11:20AM-11:25AM ET",Down,phantom-filtered,0.74,0.26,27,-12.96,phantom-lose,165.8719766139984,10831.27,70461.1,1047.08,0.01,0.73,0.74,2968.04,74154.13,0.01,3.65,28.94839096069336,35.338189125061035,68288.89,56.279999999998836,Down,tp,True,depth_ratio=3.6x<4x,,0,0,0
2026-03-06 11:27:44,11:27:44 AM,"Bitcoin Up or Down - March 6, 11:25AM-11:30AM ET",Up,phantom-filtered,0.72,0.94,27,5.94,phantom-win,179.33140516281128,11749.27,68788.02,299.18,0.01,0.71,0.72,3421.53,73603.86,0.01,3.43,6.62270188331604,59.07416319847107,68456.7,31.09999999999127,Down,tp,True,depth_ratio=3.4x<4x|btc_move=$31<$40,,0,0,0
2026-03-06 11:34:14,11:34:14 AM,"Bitcoin Up or Down - March 6, 11:30AM-11:35AM ET",Down,phantom-choppy,0.81,0.94,24,3.12,phantom-win,59.79153871536255,0,0,0,0,0,0,0,0,0,0,0,0,68488.53,25.729999999995925,Down,tp,True,skipped_choppy,choppy,0.65,0.87,0
2026-03-06 11:37:27,11:37:27 AM,"Bitcoin Up or Down - March 6, 11:35AM-11:40AM ET",Up,real,0.82,0.94,24.0,2.88,tp,179.80238342285156,15009.61,69032.15,4865.28,0.01,0.81,0.82,2989.44,75190.04,0.01,5.02,0.0,16.424747705459595,68518.77,71.66000000000349,Down,tp,False,,,0,0,0
2026-03-06 11:44:11,11:44:11 AM,"Bitcoin Up or Down - March 6, 11:40AM-11:45AM ET",Down,real,0.79,0.94,25.0,3.75,tp,179.72091364860535,13104.44,68739.52,4415.28,0.01,0.78,0.79,3004.88,73184.0,0.01,4.36,0.0,36.33053541183472,68575.75,48.229999999995925,Up,tp,False,,,0,0,0
2026-03-06 11:48:10,11:48:10 AM,"Bitcoin Up or Down - March 6, 11:45AM-11:50AM ET",Up,real,0.8,0.28,25.0,-13.0,sl,179.8021092414856,13310.47,65430.81,4440.69,0.01,0.79,0.8,2967.86,73763.77,0.01,4.48,3.3964176177978516,10.937102794647217,68665.93,51.88999999999942,Down,tp,False,,,0,0,0
2026-03-06 11:53:41,11:53:41 AM,"Bitcoin Up or Down - March 6, 11:50AM-11:55AM ET",Up,phantom-filtered,0.72,0.26,27,-12.42,phantom-lose,179.0058615207672,11724.65,69621.81,370.46,0.01,0.71,0.72,4057.19,74409.71,0.01,2.89,3.4626176357269287,21.790313243865967,68656.94,52.29000000000815,Up,sl,True,depth_ratio=2.9x<4x,,0,0,0
2026-03-06 11:58:37,11:58:37 AM,"Bitcoin Up or Down - March 6, 11:55AM-12:00PM ET",Up,phantom-filtered,0.71,0.94,28,6.44,phantom-win,170.48189544677734,12076.11,70277.21,769.84,0.01,0.7,0.71,3772.7,75640.94,0.01,3.2,0.0,0.0,68418.61,37.13999999999942,Up,sl,True,depth_ratio=3.2x<4x|btc_move=$37<$40,,0,0,0
2026-03-06 12:03:54,12:03:54 PM,"Bitcoin Up or Down - March 6, 12:00PM-12:05PM ET",Up,phantom-filtered,0.71,0.95,28,6.72,phantom-win,176.86951804161072,10381.68,67403.41,71.44,0.01,0.7,0.71,3618.23,74036.13,0.01,2.87,6.620956897735596,27.876970052719116,68495.04,23.479999999995925,Up,sl,True,bid_70+=$71<$200|depth_ratio=2.9x<4x|btc_move=$23<$40,,0,0,0
2026-03-06 12:09:36,12:09:36 PM,"Bitcoin Up or Down - March 6, 12:05PM-12:10PM ET",Down,phantom-filtered,0.71,0.94,28,6.44,phantom-win,174.02572321891785,10978.64,71770.61,1131.19,0.01,0.7,0.71,4292.06,72750.78,0.01,2.56,1.2989037036895752,26.89585566520691,68523.15,25.95000000001164,Up,sl,True,depth_ratio=2.6x<4x|btc_move=$26<$40,,0,0,0
2026-03-06 12:14:12,12:14:12 PM,"Bitcoin Up or Down - March 6, 12:10PM-12:15PM ET",Down,real,0.75,0.94,26.0,4.94,tp,139.39288973808289,10635.09,63521.59,647.08,0.01,0.74,0.75,2551.26,49079.32,0.01,4.17,67.08658647537231,100.04000973701477,68466.01,76.79000000000815,Up,sl,False,,,0,0,0
2026-03-06 12:19:03,12:19:03 PM,"Bitcoin Up or Down - March 6, 12:15PM-12:20PM ET",Up,phantom-choppy,0.31,0.24,64,-4.48,phantom-lose,59.37569284439087,0,0,0,0,0,0,0,0,0,0,0,0,68376.01,7.6599999999889405,Down,tp,True,skipped_choppy,choppy,0.89,0.85,0
2026-03-06 12:24:07,12:24:07 PM,"Bitcoin Up or Down - March 6, 12:20PM-12:25PM ET",Up,phantom-choppy,0.39,0.25,51,-7.14,phantom-lose,59.4277982711792,0,0,0,0,0,0,0,0,0,0,0,0,68450.18,16.24000000000524,Down,tp,True,skipped_choppy,choppy,0.93,0.65,0
2026-03-06 12:28:31,12:28:31 PM,"Bitcoin Up or Down - March 6, 12:25PM-12:30PM ET",Down,phantom-filtered,0.86,0.95,23,2.07,phantom-win,179.62265276908875,12098.69,59542.02,5707.43,0.01,0.85,0.86,1714.93,68529.26,0.01,7.05,0.0,0.0,68237.2,3.5500000000029104,Down,tp,True,btc_move=$4<$40,,0,0,0
2026-03-06 12:34:09,12:34:09 PM,"Bitcoin Up or Down - March 6, 12:30PM-12:35PM ET",Down,phantom-choppy,0.61,0.94,32,10.56,phantom-win,59.03816318511963,0,0,0,0,0,0,0,0,0,0,0,0,68223.1,63.470000000001164,Down,tp,True,skipped_choppy,choppy,0.7,0.89,0
2026-03-06 12:37:22,12:37:22 PM,"Bitcoin Up or Down - March 6, 12:35PM-12:40PM ET",Down,real,0.91,0.94,21.0,0.63,tp,179.21363282203674,11850.21,42679.07,4968.55,0.03,0.88,0.91,756.46,53802.25,0.03,15.67,0.0,16.08253049850464,67938.82,148.64999999999418,Down,tp,False,,,0,0,0
2026-03-06 12:44:53,12:44:53 PM,"Bitcoin Up or Down - March 6, 12:40PM-12:45PM ET",Down,phantom-filtered,0.72,0.96,27,6.48,phantom-win,176.71146607398987,8167.18,48790.67,32.19,0.02,0.7,0.72,2116.02,51038.8,0.01,3.86,0.0,0.0,67762.63,2.2000000000116415,Down,tp,True,bid_70+=$32<$200|depth_ratio=3.9x<4x|btc_move=$2<$40,,0,0,0
2026-03-06 12:48:24,12:48:24 PM,"Bitcoin Up or Down - March 6, 12:45PM-12:50PM ET",Up,real,0.8,0.94,25.0,3.5,tp,178.83020997047424,14929.13,48903.91,3921.36,0.01,0.79,0.8,1500.98,57206.65,0.01,9.95,0.0,14.190874338150024,67935.97,61.68000000000757,Down,tp,False,,,0,0,0
2026-03-06 12:54:34,12:54:34 PM,"Bitcoin Up or Down - March 6, 12:50PM-12:55PM ET",Down,phantom-choppy,0.73,0.27,27,-12.42,phantom-lose,59.091787815093994,0,0,0,0,0,0,0,0,0,0,0,0,67937.72,87.81999999999243,Up,tp,True,skipped_choppy,choppy,0.63,0.79,0
2026-03-06 12:59:55,12:59:55 PM,"Bitcoin Up or Down - March 6, 12:55PM-1:00PM ET",Up,real,0.79,1.0,25.0,5.25,resolved-win,179.82531762123108,9756.57,42869.97,1693.63,0.02,0.77,0.79,1173.3,54531.23,0.03,8.32,3.395350217819214,18.246601581573486,68016.55,49.60000000000582,Up,tp,False,,,0,0,0
2026-03-06 13:04:01,01:04:01 PM,"Bitcoin Up or Down - March 6, 1:00PM-1:05PM ET",Up,phantom-no_leader,0.99,0.99,2000,0,phantom-win,59.319299936294556,0,0,0,0,0,0,0,0,0,0,0,0,68128.66,91.80000000000291,Up,resolved-win,True,skipped_no_leader,no_leader,0.99,0.22,0
2026-03-06 13:08:33,01:08:33 PM,"Bitcoin Up or Down - March 6, 1:05PM-1:10PM ET",Up,real,0.73,0.94,27.0,5.67,tp,173.48610877990723,7741.83,51117.63,518.79,0.01,0.72,0.73,1874.53,52740.09,0.01,4.13,0.0,0.0,68160.52,69.33999999999651,Up,resolved-win,False,,,0,0,0
2026-03-06 13:14:01,01:14:01 PM,"Bitcoin Up or Down - March 6, 1:10PM-1:15PM ET",Up,phantom-choppy,0.99,0.99,2000,0,phantom-win,59.1109094619751,0,0,0,0,0,0,0,0,0,0,0,0,68354.3,183.90000000000873,Up,tp,True,skipped_choppy,choppy,0.99,0.69,0
2026-03-06 13:19:41,01:19:41 PM,"Bitcoin Up or Down - March 6, 1:15PM-1:20PM ET",Up,phantom-choppy,0.89,0.95,22,1.32,phantom-win,59.71463942527771,0,0,0,0,0,0,0,0,0,0,0,0,68384.35,33.75,Up,tp,True,skipped_choppy,choppy,0.91,0.68,0
2026-03-06 13:24:37,01:24:37 PM,"Bitcoin Up or Down - March 6, 1:20PM-1:25PM ET",Down,phantom-filtered,0.71,0.28,28,-12.04,phantom-lose,152.33757638931274,6024.9,47420.38,28.0,0.01,0.7,0.71,1989.52,52015.51,0.01,3.03,3.3942365646362305,87.36918020248413,68324.39,30.930000000007567,Up,tp,True,bid_70+=$28<$200|depth_ratio=3.0x<4x|btc_move=$31<$40,,0,0,0
2026-03-06 13:29:01,01:29:01 PM,"Bitcoin Up or Down - March 6, 1:25PM-1:30PM ET",Down,phantom-choppy,0.97,0.95,20,-0.4,phantom-win,58.9600887298584,0,0,0,0,0,0,0,0,0,0,0,0,68300.01,97.98000000001048,Up,tp,True,skipped_choppy,choppy,0.65,0.96,0
2026-03-06 13:34:00,01:34:00 PM,"Bitcoin Up or Down - March 6, 1:30PM-1:35PM ET",Up,phantom-no_leader,0.99,0.98,20,-0.2,phantom-win,59.90412616729736,0,0,0,0,0,0,0,0,0,0,0,0,68414.36,67.77999999999884,Up,tp,True,skipped_no_leader,no_leader,0.98,0.34,0
2026-03-06 13:39:52,01:39:52 PM,"Bitcoin Up or Down - March 6, 1:35PM-1:40PM ET",Down,real,0.83,0.95,24.0,2.88,tp,179.8067135810852,7715.95,48743.44,2543.32,0.02,0.81,0.83,1467.74,50291.91,0.01,5.26,0.0,5.5352208614349365,68343.4,47.830000000001746,Up,tp,False,,,0,0,0
2026-03-06 13:44:43,01:44:43 PM,"Bitcoin Up or Down - March 6, 1:40PM-1:45PM ET",Up,phantom-filtered,0.79,0.94,25,3.75,phantom-win,159.55786800384521,8635.98,46956.23,1552.99,0.01,0.78,0.79,1131.37,54319.18,0.01,7.63,1.2871451377868652,79.65518569946289,68452.36,31.50999999999476,Down,tp,True,btc_move=$32<$40,,0,0,0
2026-03-06 13:49:03,01:49:03 PM,"Bitcoin Up or Down - March 6, 1:45PM-1:50PM ET",Down,phantom-choppy,0.94,0.94,21,0,phantom-win,59.568390130996704,0,0,0,0,0,0,0,0,0,0,0,0,68365.78,79.02000000000407,Down,tp,True,skipped_choppy,choppy,0.67,0.95,0
2026-03-06 13:52:59,01:52:59 PM,"Bitcoin Up or Down - March 6, 1:50PM-1:55PM ET",Down,real,0.92,0.94,21.0,0.42,tp,144.14789843559265,6110.74,20836.57,4025.3,0.02,0.9,0.92,555.97,27005.86,0.02,10.99,0.0,0.0,68255.99,63.38999999999942,Down,tp,False,,,0,0,0
2026-03-06 13:58:32,01:58:32 PM,"Bitcoin Up or Down - March 6, 1:55PM-2:00PM ET",Up,phantom-filtered,0.72,0.21,27,-13.77,phantom-lose,170.19607853889465,7295.52,48347.01,89.12,0.01,0.71,0.72,1527.19,52965.36,0.01,4.78,0.0,69.11098170280457,68275.33,15.69999999999709,Down,tp,True,bid_70+=$89<$200|btc_move=$16<$40,,0,0,0
2026-03-06 14:02:52,02:02:52 PM,"Bitcoin Up or Down - March 6, 2:00PM-2:05PM ET",Up,phantom-filtered,0.85,0.94,23,2.07,phantom-win,178.9795732498169,13190.87,49298.63,5885.18,0.01,0.84,0.85,1493.39,55130.73,0.01,8.83,0.0,0.0,68271.63,13.169999999998254,Down,tp,True,btc_move=$13<$40,,0,0,0
2026-03-06 14:09:55,02:09:55 PM,"Bitcoin Up or Down - March 6, 2:05PM-2:10PM ET",Up,phantom-filtered,0.71,0,28,-19.88,phantom-lose,163.85645866394043,6841.11,48749.7,14.0,0.01,0.7,0.71,2040.49,52379.32,0.01,3.35,10.837284326553345,75.38904929161072,68299.99,21.470000000001164,Down,tp,True,bid_70+=$14<$200|depth_ratio=3.4x<4x|btc_move=$21<$40,,0,0,0
2026-03-06 14:13:32,02:13:32 PM,"Bitcoin Up or Down - March 6, 2:10PM-2:15PM ET",Up,phantom-filtered,0.73,0.94,27,5.67,phantom-win,179.4740080833435,10419.17,44262.36,841.25,0.01,0.72,0.73,1730.46,56473.99,0.01,6.02,2.3620781898498535,22.51126265525818,68319.44,27.270000000004075,Down,tp,True,btc_move=$27<$40,,0,0,0
2026-03-06 14:19:00,02:19:00 PM,"Bitcoin Up or Down - March 6, 2:15PM-2:20PM ET",Down,phantom-choppy,0.96,0.95,20,-0.2,phantom-win,59.42633128166199,0,0,0,0,0,0,0,0,0,0,0,0,68363.15,61.73000000001048,Down,tp,True,skipped_choppy,choppy,0.61,0.96,0
2026-03-06 14:22:02,02:22:02 PM,"Bitcoin Up or Down - March 6, 2:20PM-2:25PM ET",Down,real,0.91,0.94,21.0,0.63,tp,179.70504021644592,9681.09,23058.0,6119.69,0.01,0.9,0.91,526.28,33235.48,0.01,18.4,0.0,0.0,68298.88,105.90999999998894,Down,tp,False,,,0,0,0
2026-03-06 14:29:56,02:29:56 PM,"Bitcoin Up or Down - March 6, 2:25PM-2:30PM ET",Down,phantom-choppy,0.74,1.0,27,7.02,phantom-win,59.07880473136902,0,0,0,0,0,0,0,0,0,0,0,0,68174.09,1.709999999991851,Down,tp,True,skipped_choppy,choppy,0.72,0.82,0
2026-03-06 14:33:25,02:33:25 PM,"Bitcoin Up or Down - March 6, 2:30PM-2:35PM ET",Up,phantom-filtered,0.72,0.94,27,5.94,phantom-win,127.94151997566223,6410.43,38194.92,163.9,0.01,0.71,0.72,1074.99,46718.27,0.01,5.96,44.27656531333923,51.79558348655701,68227.95,21.19999999999709,Down,tp,True,bid_70+=$164<$200|btc_move=$21<$40,,0,0,0
2026-03-06 14:38:11,02:38:11 PM,"Bitcoin Up or Down - March 6, 2:35PM-2:40PM ET",Up,phantom-filtered,0.75,0.25,26,-13.0,phantom-lose,179.1020951271057,10445.65,44526.15,224.61,0.01,0.74,0.75,1795.11,55175.15,0.02,5.82,0.0,0.0,68251.23,5.169999999998254,Down,tp,True,btc_move=$5<$40,,0,0,0
2026-03-06 14:44:35,02:44:35 PM,"Bitcoin Up or Down - March 6, 2:40PM-2:45PM ET",Up,phantom-filtered,0.9,0.23,22,-14.74,phantom-lose,179.0743215084076,13215.95,45406.64,8122.92,0.02,0.88,0.9,944.51,51358.72,0.02,13.99,0.0,0.0,68305.72,36.55999999999767,Down,tp,True,btc_move=$37<$40,,0,0,0
2026-03-06 14:49:42,02:49:42 PM,"Bitcoin Up or Down - March 6, 2:45PM-2:50PM ET",Down,real,0.75,0.97,26.0,5.72,tp,135.5992407798767,14041.62,45642.37,384.67,0.01,0.74,0.75,1562.23,53671.88,0.01,8.99,16.058399438858032,22.413075923919678,68082.0,73.57000000000698,Down,tp,False,,,0,0,0
2026-03-06 14:54:55,02:54:55 PM,"Bitcoin Up or Down - March 6, 2:50PM-2:55PM ET",Down,real,0.78,1.0,25.0,5.5,resolved-win,151.24411940574646,7213.35,47985.02,740.26,0.04,0.74,0.78,1239.41,49964.51,0.01,5.82,6.66495680809021,13.000704050064087,68004.78,92.16999999999825,Down,tp,False,,,0,0,0
2026-03-06 14:58:36,02:58:36 PM,"Bitcoin Up or Down - March 6, 2:55PM-3:00PM ET",Up,real,0.86,0.94,23.0,1.84,tp,179.5816490650177,15018.38,47101.33,5649.35,0.01,0.85,0.86,1300.19,56429.51,0.01,11.55,0.0,2.383249282836914,68148.86,48.86000000000058,Down,resolved-win,False,,,0,0,0
2026-03-06 15:02:22,03:02:22 PM,"Bitcoin Up or Down - March 6, 3:00PM-3:05PM ET",Up,real,0.91,0.94,21.0,0.63,tp,176.0743465423584,12796.63,43712.85,6563.6,0.01,0.9,0.91,718.04,53135.19,0.01,17.82,0.0,11.877155542373657,68248.23,84.66999999999825,Up,tp,False,,,0,0,0
2026-03-06 15:09:55,03:09:55 PM,"Bitcoin Up or Down - March 6, 3:05PM-3:10PM ET",Down,phantom-choppy,0.73,1.0,27,7.29,phantom-win,59.88604211807251,0,0,0,0,0,0,0,0,0,0,0,0,68171.71,11.269999999989523,Up,tp,True,skipped_choppy,choppy,0.78,0.87,0
2026-03-06 15:14:00,03:14:00 PM,"Bitcoin Up or Down - March 6, 3:10PM-3:15PM ET",Down,phantom-no_leader,0.99,0.99,2000,0,phantom-win,59.78993558883667,0,0,0,0,0,0,0,0,0,0,0,0,68030.4,103.54000000000815,Up,tp,True,skipped_no_leader,no_leader,0.35,0.99,0
2026-03-06 15:17:12,03:17:12 PM,"Bitcoin Up or Down - March 6, 3:15PM-3:20PM ET",Up,real,0.87,0.94,22.0,1.54,tp,179.17105054855347,12006.34,42960.38,5880.07,0.01,0.86,0.87,874.83,54578.64,0.01,13.72,0.0,12.948154926300049,68091.06,59.220000000001164,Up,tp,False,,,0,0,0
2026-03-06 15:24:15,03:24:15 PM,"Bitcoin Up or Down - March 6, 3:20PM-3:25PM ET",Down,phantom-choppy,0.59,0.26,33,-10.89,phantom-lose,59.684813261032104,0,0,0,0,0,0,0,0,0,0,0,0,68052.76,18.770000000004075,Up,tp,True,skipped_choppy,choppy,0.67,0.78,0
2026-03-06 15:29:00,03:29:00 PM,"Bitcoin Up or Down - March 6, 3:25PM-3:30PM ET",Down,phantom-no_leader,0.99,0.98,20,-0.2,phantom-win,59.91787552833557,0,0,0,0,0,0,0,0,0,0,0,0,67844.92,127.19000000000233,Up,tp,True,skipped_no_leader,no_leader,0.28,0.98,0
2026-03-06 15:34:55,03:34:55 PM,"Bitcoin Up or Down - March 6, 3:30PM-3:35PM ET",Up,phantom-filtered,0.72,0,27,-19.44,phantom-lose,179.16457962989807,9296.45,50432.98,204.15,0.01,0.71,0.72,2472.42,54716.91,0.01,3.76,0.0,0.0,67894.81,14.169999999998254,Up,tp,True,depth_ratio=3.8x<4x|btc_move=$14<$40,,0,0,0
2026-03-06 15:39:14,03:39:14 PM,"Bitcoin Up or Down - March 6, 3:35PM-3:40PM ET",Up,phantom-filtered,0.71,0.94,28,6.44,phantom-win,141.16175746917725,6500.48,43842.17,29.4,0.01,0.7,0.71,1686.54,50300.67,0.01,3.85,0.0,98.63751816749573,67849.67,2.3099999999976717,Up,tp,True,bid_70+=$29<$200|depth_ratio=3.9x<4x|btc_move=$2<$40,,0,0,0
2026-03-06 15:43:43,03:43:43 PM,"Bitcoin Up or Down - March 6, 3:40PM-3:45PM ET",Up,real,0.85,0.94,23.0,2.07,tp,179.55148601531982,8159.96,45259.11,2423.3,0.01,0.84,0.85,1091.62,51599.8,0.01,7.48,0.0,0.0,67981.09,68.5,Up,tp,False,,,0,0,0
2026-03-06 15:49:04,03:49:04 PM,"Bitcoin Up or Down - March 6, 3:45PM-3:50PM ET",Up,real,0.82,0.94,24.0,2.88,tp,179.5258071422577,10994.3,49721.35,2910.61,0.01,0.81,0.82,1678.2,55358.91,0.01,6.55,0.0,12.921345710754395,68079.12,49.61000000000058,Up,tp,False,,,0,0,0
2026-03-06 15:54:00,03:54:00 PM,"Bitcoin Up or Down - March 6, 3:50PM-3:55PM ET",Up,phantom-choppy,0.28,0.27,71,-0.71,phantom-lose,59.54224228858948,0,0,0,0,0,0,0,0,0,0,0,0,68069.48,39.09000000001106,Up,tp,True,skipped_choppy,choppy,0.77,0.73,0
2026-03-06 15:59:08,03:59:08 PM,"Bitcoin Up or Down - March 6, 3:55PM-4:00PM ET",Up,phantom-choppy,0.75,0.17,26,-15.08,phantom-lose,59.89123797416687,0,0,0,0,0,0,0,0,0,0,0,0,68157.31,60.59999999999127,Up,tp,True,skipped_choppy,choppy,0.81,0.71,0
2026-03-06 16:04:14,04:04:14 PM,"Bitcoin Up or Down - March 6, 4:00PM-4:05PM ET",Down,phantom-choppy,0.39,0.28,51,-5.61,phantom-lose,59.54138922691345,0,0,0,0,0,0,0,0,0,0,0,0,68131.81,1.3300000000017462,Up,tp,True,skipped_choppy,choppy,0.68,0.7,0
2026-03-06 16:09:56,04:09:56 PM,"Bitcoin Up or Down - March 6, 4:05PM-4:10PM ET",Up,phantom-filtered,0.72,1.0,27,7.56,phantom-win,121.14558720588684,10798.8,61635.07,347.12,0.01,0.71,0.72,2598.9,69875.77,0.01,4.16,115.97904086112976,118.09268641471863,68187.32,32.28000000001339,Up,tp,True,btc_move=$32<$40,,0,0,0
2026-03-06 16:14:55,04:14:55 PM,"Bitcoin Up or Down - March 6, 4:10PM-4:15PM ET",Down,phantom-no_leader,0.62,1.0,32,12.16,phantom-win,59.725969314575195,0,0,0,0,0,0,0,0,0,0,0,0,68149.5,0.10000000000582077,Up,tp,True,skipped_no_leader,no_leader,0.58,0.6,0
2026-03-06 16:19:55,04:19:55 PM,"Bitcoin Up or Down - March 6, 4:15PM-4:20PM ET",Up,phantom-choppy,0.55,0,36,-19.8,phantom-lose,59.64293837547302,0,0,0,0,0,0,0,0,0,0,0,0,68133.55,1.540000000008149,Up,tp,True,skipped_choppy,choppy,0.74,0.64,0
2026-03-06 16:24:32,04:24:32 PM,"Bitcoin Up or Down - March 6, 4:20PM-4:25PM ET",Down,phantom-filtered,0.73,0.97,27,6.48,phantom-win,144.8218765258789,4280.14,44008.82,134.49,0.01,0.72,0.73,1424.38,46128.14,0.01,3.0,0.0,94.48657369613647,68093.62,24.220000000001164,Up,tp,True,bid_70+=$134<$200|depth_ratio=3.0x<4x|btc_move=$24<$40,,0,0,0
2026-03-06 16:29:55,04:29:55 PM,"Bitcoin Up or Down - March 6, 4:25PM-4:30PM ET",Up,phantom-choppy,0.73,1.0,27,7.29,phantom-win,59.25300741195679,0,0,0,0,0,0,0,0,0,0,0,0,68018.79,58.0,Up,tp,True,skipped_choppy,choppy,0.86,0.69,0
2026-03-06 16:34:55,04:34:55 PM,"Bitcoin Up or Down - March 6, 4:30PM-4:35PM ET",Up,phantom-filtered,0.72,1.0,27,7.56,phantom-win,179.36433386802673,3666.72,43389.16,162.85,0.01,0.71,0.72,1045.65,48941.7,0.01,3.51,0.0,30.95300602912903,68067.69,39.38999999999942,Up,tp,True,bid_70+=$163<$200|depth_ratio=3.5x<4x|btc_move=$39<$40,,0,0,0
2026-03-06 16:37:24,04:37:24 PM,"Bitcoin Up or Down - March 6, 4:35PM-4:40PM ET",Up,phantom-filtered,0.83,0.94,24,2.64,phantom-win,179.80226469039917,7604.11,44967.08,2500.99,0.01,0.82,0.83,968.75,50445.94,0.01,7.85,0.0,0.0,68087.98,11.610000000000582,Up,tp,True,btc_move=$12<$40,,0,0,0
2026-03-06 16:43:51,04:43:51 PM,"Bitcoin Up or Down - March 6, 4:40PM-4:45PM ET",Up,phantom-filtered,0.73,0.94,27,5.67,phantom-win,176.04381704330444,6837.78,45881.08,226.64,0.01,0.72,0.73,1252.49,53447.76,0.01,5.46,0.0,20.38523769378662,68176.65,14.989999999990687,Up,tp,True,btc_move=$15<$40,,0,0,0
2026-03-06 16:49:31,04:49:31 PM,"Bitcoin Up or Down - March 6, 4:45PM-4:50PM ET",Up,phantom-filtered,0.74,0.94,27,5.4,phantom-win,103.20368814468384,6714.42,42582.5,139.91,0.01,0.73,0.74,1275.48,47465.59,0.01,5.26,23.62425994873047,38.43834638595581,68253.62,18.629999999990105,Up,tp,True,bid_70+=$140<$200|btc_move=$19<$40,,0,0,0
2026-03-06 16:54:24,04:54:24 PM,"Bitcoin Up or Down - March 6, 4:50PM-4:55PM ET",Up,phantom-filtered,0.77,0.1,25,-16.75,phantom-lose,161.73031401634216,5328.44,43416.65,293.87,0.05,0.72,0.77,987.82,49622.14,0.04,5.39,0.0,77.49035882949829,68322.4,13.569999999992433,Up,tp,True,btc_move=$14<$40,,0,0,0
2026-03-06 16:59:52,04:59:52 PM,"Bitcoin Up or Down - March 6, 4:55PM-5:00PM ET",Up,phantom-choppy,0.87,0.96,22,1.98,phantom-win,58.980480670928955,0,0,0,0,0,0,0,0,0,0,0,0,68300.01,90.33000000000175,Up,tp,True,skipped_choppy,choppy,0.9,0.64,0
2026-03-06 17:04:38,05:04:38 PM,"Bitcoin Up or Down - March 6, 5:00PM-5:05PM ET",Up,phantom-filtered,0.71,0.94,28,6.44,phantom-win,148.41998147964478,4439.42,43418.68,21.0,0.01,0.7,0.71,1504.43,47870.52,0.01,2.95,24.588176727294922,91.24458384513855,68321.93,18.14999999999418,Up,tp,True,bid_70+=$21<$200|depth_ratio=3.0x<4x|btc_move=$18<$40,,0,0,0
2026-03-06 17:09:42,05:09:42 PM,"Bitcoin Up or Down - March 6, 5:05PM-5:10PM ET",Up,phantom-choppy,0.61,0.23,32,-12.16,phantom-lose,59.89390158653259,0,0,0,0,0,0,0,0,0,0,0,0,68349.98,40.59999999999127,Up,tp,True,skipped_choppy,choppy,0.64,0.63,0
2026-03-06 17:14:55,05:14:55 PM,"Bitcoin Up or Down - March 6, 5:10PM-5:15PM ET",Down,phantom-filtered,0.73,1.0,27,7.29,phantom-win,113.66251611709595,3993.08,44286.83,100.68,0.01,0.72,0.73,1429.12,46714.89,0.01,2.79,0.0,126.20882797241211,68285.42,19.70999999999185,Up,tp,True,bid_70+=$101<$200|depth_ratio=2.8x<4x|btc_move=$20<$40,,0,0,0
2026-03-06 17:19:11,05:19:11 PM,"Bitcoin Up or Down - March 6, 5:15PM-5:20PM ET",Up,phantom-choppy,0.81,0.94,24,3.12,phantom-win,59.79127049446106,0,0,0,0,0,0,0,0,0,0,0,0,68316.61,35.24000000000524,Up,tp,True,skipped_choppy,choppy,0.78,0.61,0
2026-03-06 17:24:20,05:24:20 PM,"Bitcoin Up or Down - March 6, 5:20PM-5:25PM ET",Up,phantom-filtered,0.75,0.28,26,-12.22,phantom-lose,173.33674430847168,6418.78,47322.5,126.79,0.04,0.7,0.74,1183.0,51081.25,0.01,5.43,65.16905188560486,66.22381973266602,68378.9,28.90999999998894,Up,tp,True,bid_70+=$127<$200|btc_move=$29<$40,,0,0,0
2026-03-06 17:29:56,05:29:56 PM,"Bitcoin Up or Down - March 6, 5:25PM-5:30PM ET",Down,phantom-filtered,0.71,1.0,28,8.12,phantom-win,169.74456238746643,8050.05,49082.42,93.29,0.01,0.7,0.71,1837.76,55624.36,0.01,4.38,65.1286199092865,69.35084962844849,68284.4,34.2100000000064,Up,tp,True,bid_70+=$93<$200|btc_move=$34<$40,,0,0,0
2026-03-06 17:34:55,05:34:55 PM,"Bitcoin Up or Down - March 6, 5:30PM-5:35PM ET",Down,phantom-filtered,0.77,1.0,25,5.75,phantom-win,144.09067797660828,5578.64,20726.22,179.34,0.04,0.73,0.77,606.55,29439.07,0.03,9.2,51.048261880874634,95.53522229194641,68230.38,43.00999999999476,Up,tp,True,bid_70+=$179<$200,,0,0,0
2026-03-06 17:39:20,05:39:20 PM,"Bitcoin Up or Down - March 6, 5:35PM-5:40PM ET",Down,phantom-no_leader,0.5,0.28,40,-8.8,phantom-lose,59.501463413238525,0,0,0,0,0,0,0,0,0,0,0,0,68262.78,7.4100000000034925,Up,tp,True,skipped_no_leader,no_leader,0.58,0.72,0
2026-03-06 17:43:37,05:43:37 PM,"Bitcoin Up or Down - March 6, 5:40PM-5:45PM ET",Up,phantom-filtered,0.76,0.94,26,4.68,phantom-win,179.75950121879578,8870.66,48070.85,1163.91,0.01,0.75,0.76,1549.64,57404.82,0.01,5.72,15.035058975219727,19.24626922607422,68350.11,37.0399999999936,Up,tp,True,btc_move=$37<$40,,0,0,0
2026-03-06 17:49:19,05:49:19 PM,"Bitcoin Up or Down - March 6, 5:45PM-5:50PM ET",Up,phantom-filtered,0.72,0.94,27,5.94,phantom-win,166.67399382591248,7208.78,45449.63,83.1,0.01,0.71,0.72,1313.88,54980.51,0.01,5.49,26.679508686065674,46.70905542373657,68410.54,30.80999999999767,Up,tp,True,bid_70+=$83<$200|btc_move=$31<$40,,0,0,0
2026-03-06 17:54:55,05:54:55 PM,"Bitcoin Up or Down - March 6, 5:50PM-5:55PM ET",Up,phantom-choppy,0.7,1.0,28,8.4,phantom-win,59.36369442939758,0,0,0,0,0,0,0,0,0,0,0,0,68425.51,30.269999999989523,Up,tp,True,skipped_choppy,choppy,0.72,0.65,0
2026-03-06 17:59:32,05:59:32 PM,"Bitcoin Up or Down - March 6, 5:55PM-6:00PM ET",Up,phantom-choppy,0.51,0.25,39,-10.14,phantom-lose,59.60016226768494,0,0,0,0,0,0,0,0,0,0,0,0,68422.01,15.15999999998894,Up,tp,True,skipped_choppy,choppy,0.61,0.6,0
2026-03-06 18:04:29,06:04:29 PM,"Bitcoin Up or Down - March 6, 6:00PM-6:05PM ET",Down,phantom-no_leader,0.52,0.17,38,-13.3,phantom-lose,59.69942593574524,0,0,0,0,0,0,0,0,0,0,0,0,68293.82,45.810000000012224,Up,tp,True,skipped_no_leader,no_leader,0.53,0.67,0
2026-03-06 18:09:55,06:09:55 PM,"Bitcoin Up or Down - March 6, 6:05PM-6:10PM ET",Down,phantom-filtered,0.72,1.0,27,7.56,phantom-win,79.17902302742004,6545.85,37700.55,7.63,0.02,0.7,0.72,1104.6,44805.04,0.02,5.93,55.2243537902832,159.86970591545105,68273.15,48.09000000001106,Up,tp,True,bid_70+=$8<$200,,0,0,0
2026-03-06 18:14:19,06:14:19 PM,"Bitcoin Up or Down - March 6, 6:10PM-6:15PM ET",Down,phantom-filtered,0.74,0.25,27,-13.23,phantom-lose,152.89781761169434,9653.24,47526.74,865.14,0.02,0.72,0.74,1462.17,56360.95,0.03,6.6,0.0,21.531964540481567,68282.91,2.9100000000034925,Up,tp,True,btc_move=$3<$40,,0,0,0
2026-03-06 18:19:49,06:19:49 PM,"Bitcoin Up or Down - March 6, 6:15PM-6:20PM ET",Up,phantom-choppy,0.74,0.95,27,5.67,phantom-win,58.95706081390381,0,0,0,0,0,0,0,0,0,0,0,0,68342.16,11.660000000003492,Up,tp,True,skipped_choppy,choppy,0.71,0.67,0
2026-03-06 18:24:03,06:24:03 PM,"Bitcoin Up or Down - March 6, 6:20PM-6:25PM ET",Up,phantom-choppy,0.36,0.2,55,-8.8,phantom-lose,59.88797092437744,0,0,0,0,0,0,0,0,0,0,0,0,68344.26,18.029999999998836,Up,tp,True,skipped_choppy,choppy,0.64,0.63,0
2026-03-06 18:29:37,06:29:37 PM,"Bitcoin Up or Down - March 6, 6:25PM-6:30PM ET",Down,phantom-choppy,0.66,0.94,30,8.4,phantom-win,59.73030495643616,0,0,0,0,0,0,0,0,0,0,0,0,68323.22,17.5,Up,tp,True,skipped_choppy,choppy,0.69,0.77,0
2026-03-06 18:34:47,06:34:47 PM,"Bitcoin Up or Down - March 6, 6:30PM-6:35PM ET",Down,phantom-no_leader,0.51,0.21,39,-11.7,phantom-lose,59.95859217643738,0,0,0,0,0,0,0,0,0,0,0,0,68314.78,3.5099999999947613,Up,tp,True,skipped_no_leader,no_leader,0.52,0.64,0
2026-03-06 18:38:47,06:38:47 PM,"Bitcoin Up or Down - March 6, 6:35PM-6:40PM ET",Down,real,0.73,0.97,27.0,6.48,tp,179.42357730865479,4327.87,26272.36,270.7,0.01,0.72,0.73,881.16,31726.11,0.01,4.91,0.0,0.0,68239.43,47.560000000012224,Up,tp,False,,,0,0,0
2026-03-06 18:44:44,06:44:44 PM,"Bitcoin Up or Down - March 6, 6:40PM-6:45PM ET",Down,phantom-no_leader,0.59,0.28,33,-10.23,phantom-lose,59.43869400024414,0,0,0,0,0,0,0,0,0,0,0,0,68188.75,38.220000000001164,Down,tp,True,skipped_no_leader,no_leader,0.52,0.67,0
2026-03-06 18:49:29,06:49:29 PM,"Bitcoin Up or Down - March 6, 6:45PM-6:50PM ET",Up,phantom-no_leader,0.46,0.2,43,-11.18,phantom-lose,58.981398582458496,0,0,0,0,0,0,0,0,0,0,0,0,68228.11,1.8099999999976717,Down,tp,True,skipped_no_leader,no_leader,0.61,0.59,0
2026-03-06 18:54:21,06:54:21 PM,"Bitcoin Up or Down - March 6, 6:50PM-6:55PM ET",Down,real,0.72,0.94,27.0,5.94,tp,119.05337047576904,5851.14,38845.67,219.23,0.02,0.7,0.72,1427.9,47473.34,0.02,4.1,35.06285858154297,120.20298719406128,68149.99,78.13999999999942,Down,tp,False,,,0,0,0
2026-03-06 18:59:40,06:59:40 PM,"Bitcoin Up or Down - March 6, 6:55PM-7:00PM ET",Up,phantom-choppy,0.5,0.26,40,-9.6,phantom-lose,59.60907554626465,0,0,0,0,0,0,0,0,0,0,0,0,68133.09,17.369999999995343,Down,tp,True,skipped_choppy,choppy,0.86,0.66,0
2026-03-06 19:04:55,07:04:55 PM,"Bitcoin Up or Down - March 6, 7:00PM-7:05PM ET",Up,phantom-filtered,0.72,1.0,27,7.56,phantom-win,90.58986473083496,4208.54,23284.07,0.0,0.03,0.69,0.72,1026.61,32155.66,0.03,4.1,0.0,149.10920357704163,68197.51,46.01999999998952,Down,tp,True,bid_70+=$0<$200,,0,0,0
2026-03-06 19:09:00,07:09:00 PM,"Bitcoin Up or Down - March 6, 7:05PM-7:10PM ET",Up,phantom-no_leader,0.98,0.97,20,-0.2,phantom-win,59.36757969856262,0,0,0,0,0,0,0,0,0,0,0,0,68228.0,56.7899999999936,Down,tp,True,skipped_no_leader,no_leader,0.97,0.3,0
2026-03-06 19:14:50,07:14:50 PM,"Bitcoin Up or Down - March 6, 7:10PM-7:15PM ET",Up,phantom-no_leader,0.6,0.1,33,-16.5,phantom-lose,59.549487829208374,0,0,0,0,0,0,0,0,0,0,0,0,68232.1,21.589999999996508,Down,tp,True,skipped_no_leader,no_leader,0.72,0.46,0
2026-03-06 19:19:55,07:19:55 PM,"Bitcoin Up or Down - March 6, 7:15PM-7:20PM ET",Up,phantom-filtered,0.75,1.0,26,6.5,phantom-win,117.95631289482117,8584.28,24867.89,755.95,0.01,0.74,0.75,699.2,38126.95,0.01,12.28,54.991453647613525,121.5364396572113,68218.07,4.559999999997672,Down,tp,True,btc_move=$5<$40,,0,0,0
2026-03-06 19:24:55,07:24:55 PM,"Bitcoin Up or Down - March 6, 7:20PM-7:25PM ET",Down,phantom-filtered,0.75,0,26,-19.5,phantom-lose,179.49421525001526,3597.48,26770.03,160.73,0.01,0.74,0.75,1020.01,32796.78,0.01,3.53,10.804849863052368,39.45490002632141,68119.27,69.97000000000116,Down,tp,True,bid_70+=$161<$200|depth_ratio=3.5x<4x,,0,0,0
2026-03-06 19:29:17,07:29:17 PM,"Bitcoin Up or Down - March 6, 7:25PM-7:30PM ET",Up,phantom-no_leader,0.61,0.23,32,-12.16,phantom-lose,59.00337553024292,0,0,0,0,0,0,0,0,0,0,0,0,68258.7,22.70999999999185,Down,tp,True,skipped_no_leader,no_leader,0.68,0.56,0
2026-03-06 19:32:30,07:32:30 PM,"Bitcoin Up or Down - March 6, 7:30PM-7:35PM ET",Up,real,0.84,0.94,23.0,2.3,tp,179.99068546295166,8617.52,28565.42,3182.55,0.01,0.83,0.84,756.69,37183.77,0.02,11.39,15.172380208969116,23.636083364486694,68286.32,64.73000000001048,Down,tp,False,,,0,0,0
2026-03-06 19:39:55,07:39:55 PM,"Bitcoin Up or Down - March 6, 7:35PM-7:40PM ET",Down,phantom-filtered,0.74,1.0,27,7.02,phantom-win,138.97842407226562,7284.76,27090.25,436.79,0.01,0.73,0.74,1247.37,33154.42,0.01,5.84,51.10532879829407,100.70839881896973,68269.89,29.180000000007567,Up,tp,True,btc_move=$29<$40,,0,0,0
2026-03-06 19:44:55,07:44:55 PM,"Bitcoin Up or Down - March 6, 7:40PM-7:45PM ET",Up,phantom-filtered,0.84,1.0,23,3.68,phantom-win,179.79590368270874,7113.21,31035.49,1900.1,0.01,0.83,0.84,1018.51,38658.65,0.01,6.98,0.0,25.691670417785645,68332.0,27.05999999999767,Up,tp,True,btc_move=$27<$40,,0,0,0
2026-03-06 19:49:55,07:49:55 PM,"Bitcoin Up or Down - March 6, 7:45PM-7:50PM ET",Up,phantom-filtered,0.73,1.0,27,7.29,phantom-win,179.37041091918945,6264.16,32642.9,300.6,0.02,0.72,0.74,1760.27,37698.21,0.01,3.56,19.210543155670166,36.1495726108551,68318.81,30.75,Up,tp,True,depth_ratio=3.6x<4x|btc_move=$31<$40,,0,0,0
2026-03-06 19:54:42,07:54:42 PM,"Bitcoin Up or Down - March 6, 7:50PM-7:55PM ET",Up,phantom-filtered,0.71,0.94,28,6.44,phantom-win,147.43209099769592,6881.22,27457.23,26.63,0.01,0.7,0.71,1404.89,34711.13,0.01,4.9,0.0,91.91035604476929,68340.32,4.9100000000034925,Up,tp,True,bid_70+=$27<$200|btc_move=$5<$40,,0,0,0
2026-03-06 19:59:32,07:59:32 PM,"Bitcoin Up or Down - March 6, 7:55PM-8:00PM ET",Down,phantom-filtered,0.71,0.94,28,6.44,phantom-win,117.3119707107544,2838.22,22155.44,2.09,0.01,0.7,0.71,1265.72,28026.61,0.01,2.24,114.25052785873413,121.6899003982544,68313.02,22.379999999990105,Up,tp,True,bid_70+=$2<$200|depth_ratio=2.2x<4x|btc_move=$22<$40,,0,0,0
2026-03-06 20:03:02,08:03:02 PM,"Bitcoin Up or Down - March 6, 8:00PM-8:05PM ET",Up,phantom-filtered,0.84,0.94,23,2.3,phantom-win,179.17248034477234,8207.23,31259.15,2631.05,0.01,0.83,0.84,903.66,38721.76,0.01,9.08,0.0,3.413208246231079,68338.56,33.69999999999709,Up,tp,True,btc_move=$34<$40,,0,0,0
2026-03-06 20:09:51,08:09:51 PM,"Bitcoin Up or Down - March 6, 8:05PM-8:10PM ET",Down,phantom-filtered,0.75,0.95,26,5.2,phantom-win,179.42880249023438,6699.64,21657.35,1401.06,0.01,0.74,0.75,1435.45,26097.89,0.01,4.67,2.370809555053711,21.48089861869812,68308.0,21.14999999999418,Up,tp,True,btc_move=$21<$40,,0,0,0
2026-03-06 20:13:18,08:13:18 PM,"Bitcoin Up or Down - March 6, 8:10PM-8:15PM ET",Down,phantom-filtered,0.71,0.94,28,6.44,phantom-win,178.0023753643036,5872.51,34213.68,56.0,0.01,0.7,0.71,1457.52,38581.1,0.01,4.03,34.00988507270813,61.44578266143799,68292.65,33.76000000000931,Up,tp,True,bid_70+=$56<$200|btc_move=$34<$40,,0,0,0
2026-03-06 20:19:55,08:19:55 PM,"Bitcoin Up or Down - March 6, 8:15PM-8:20PM ET",Up,phantom-no_leader,0.42,1.0,47,27.26,phantom-win,59.85018038749695,0,0,0,0,0,0,0,0,0,0,0,0,68227.0,1.2899999999935972,Up,tp,True,skipped_no_leader,no_leader,0.59,0.59,0
2026-03-06 20:24:55,08:24:55 PM,"Bitcoin Up or Down - March 6, 8:20PM-8:25PM ET",Down,phantom-choppy,0.91,1.0,21,1.89,phantom-win,59.468085527420044,0,0,0,0,0,0,0,0,0,0,0,0,68187.33,59.69000000000233,Up,tp,True,skipped_choppy,choppy,0.68,0.94,0
2026-03-06 20:29:49,08:29:49 PM,"Bitcoin Up or Down - March 6, 8:25PM-8:30PM ET",Up,phantom-filtered,0.75,0.96,26,5.46,phantom-win,70.94800877571106,5012.03,27615.67,463.31,0.01,0.74,0.75,1115.75,35510.9,0.01,4.49,29.830589771270752,37.19913864135742,68211.46,24.910000000003492,Up,tp,True,btc_move=$25<$40,,0,0,0
2026-03-06 20:34:56,08:34:56 PM,"Bitcoin Up or Down - March 6, 8:30PM-8:35PM ET",Down,phantom-filtered,0.73,1.0,27,7.29,phantom-win,131.28949904441833,4536.05,26862.0,152.23,0.01,0.72,0.73,1304.87,30659.36,0.01,3.48,15.027894735336304,108.20146894454956,68197.13,18.369999999995343,Up,tp,True,bid_70+=$152<$200|depth_ratio=3.5x<4x|btc_move=$18<$40,,0,0,0
2026-03-06 20:39:24,08:39:24 PM,"Bitcoin Up or Down - March 6, 8:35PM-8:40PM ET",Up,phantom-filtered,0.8,0.94,25,3.5,phantom-win,153.03816604614258,7607.28,27427.07,1444.03,0.01,0.79,0.8,672.86,41302.99,0.01,11.31,13.902864933013916,48.668323278427124,68234.0,24.0,Up,tp,True,btc_move=$24<$40,,0,0,0
2026-03-06 20:44:55,08:44:55 PM,"Bitcoin Up or Down - March 6, 8:40PM-8:45PM ET",Up,phantom-choppy,0.62,0,32,-19.84,phantom-lose,59.09679913520813,0,0,0,0,0,0,0,0,0,0,0,0,68244.53,4.1600000000034925,Up,tp,True,skipped_choppy,choppy,0.68,0.66,0
2026-03-06 20:49:38,08:49:38 PM,"Bitcoin Up or Down - March 6, 8:45PM-8:50PM ET",Up,phantom-filtered,0.78,0.94,25,4.0,phantom-win,76.33476066589355,19052.6,23950.38,180.04,0.02,0.76,0.78,594.8,47720.74,0.02,32.03,109.82693219184875,163.5742735862732,68273.87,10.139999999999418,Up,tp,True,bid_70+=$180<$200|btc_move=$10<$40,,0,0,0
2026-03-06 20:54:09,08:54:09 PM,"Bitcoin Up or Down - March 6, 8:50PM-8:55PM ET",Up,phantom-filtered,0.76,0.94,26,4.68,phantom-win,178.63785338401794,5213.64,31598.36,500.48,0.02,0.74,0.76,1461.64,35364.71,0.01,3.57,0.0,6.536417722702026,68320.24,24.139999999999418,Up,tp,True,depth_ratio=3.6x<4x|btc_move=$24<$40,,0,0,0
2026-03-06 20:59:29,08:59:29 PM,"Bitcoin Up or Down - March 6, 8:55PM-9:00PM ET",Down,phantom-filtered,0.71,0.94,28,6.44,phantom-win,178.61006331443787,7127.55,33095.87,0.0,0.02,0.69,0.71,2023.72,38218.8,0.02,3.52,41.46719026565552,54.19235849380493,68292.08,29.860000000000582,Up,tp,True,bid_70+=$0<$200|depth_ratio=3.5x<4x|btc_move=$30<$40,,0,0,0
2026-03-06 21:04:02,09:04:02 PM,"Bitcoin Up or Down - March 6, 9:00PM-9:05PM ET",Down,phantom-filtered,0.76,0.24,26,-13.52,phantom-lose,173.25574469566345,5082.75,31111.54,421.7,0.02,0.74,0.76,1287.31,34866.55,0.01,3.95,32.21116518974304,48.11146068572998,68218.02,31.989999999990687,Up,tp,True,depth_ratio=4.0x<4x|btc_move=$32<$40,,0,0,0
2026-03-06 21:09:29,09:09:29 PM,"Bitcoin Up or Down - March 6, 9:05PM-9:10PM ET",Down,phantom-no_leader,0.5,0.28,40,-8.8,phantom-lose,59.040074586868286,0,0,0,0,0,0,0,0,0,0,0,0,68249.99,20.620000000009895,Up,tp,True,skipped_no_leader,no_leader,0.55,0.65,0
2026-03-06 21:13:24,09:13:24 PM,"Bitcoin Up or Down - March 6, 9:10PM-9:15PM ET",Up,phantom-filtered,0.74,0.28,27,-12.42,phantom-lose,164.2662968635559,5734.76,27973.6,693.69,0.01,0.73,0.74,994.31,37361.36,0.01,5.77,19.311288356781006,75.316641330719,68289.1,24.29000000000815,Up,tp,True,btc_move=$24<$40,,0,0,0
2026-03-06 21:19:47,09:19:47 PM,"Bitcoin Up or Down - March 6, 9:15PM-9:20PM ET",Down,phantom-choppy,0.71,0.94,28,6.44,phantom-win,59.78816771507263,0,0,0,0,0,0,0,0,0,0,0,0,68242.18,22.320000000006985,Up,tp,True,skipped_choppy,choppy,0.67,0.75,0
2026-03-06 21:24:01,09:24:01 PM,"Bitcoin Up or Down - March 6, 9:20PM-9:25PM ET",Down,phantom-choppy,0.99,0.99,2000,0,phantom-win,59.18204212188721,0,0,0,0,0,0,0,0,0,0,0,0,68120.35,118.56999999999243,Up,tp,True,skipped_choppy,choppy,0.67,0.99,0
2026-03-06 21:29:31,09:29:31 PM,"Bitcoin Up or Down - March 6, 9:25PM-9:30PM ET",Down,phantom-choppy,0.84,0.95,23,2.53,phantom-win,59.5221426486969,0,0,0,0,0,0,0,0,0,0,0,0,68109.98,30.760000000009313,Up,tp,True,skipped_choppy,choppy,0.61,0.84,0
2026-03-06 21:34:17,09:34:17 PM,"Bitcoin Up or Down - March 6, 9:30PM-9:35PM ET",Up,phantom-filtered,0.72,0.94,27,5.94,phantom-win,162.53838515281677,9441.54,31127.81,563.32,0.01,0.71,0.72,1445.8,44987.59,0.01,6.53,24.607162714004517,77.37906384468079,68121.12,14.110000000000582,Up,tp,True,btc_move=$14<$40,,0,0,0
2026-03-06 21:39:55,09:39:55 PM,"Bitcoin Up or Down - March 6, 9:35PM-9:40PM ET",Up,phantom-choppy,0.64,1.0,31,11.16,phantom-win,59.41522550582886,0,0,0,0,0,0,0,0,0,0,0,0,68060.6,72.7899999999936,Up,tp,True,skipped_choppy,choppy,0.74,0.72,0
2026-03-06 21:43:02,09:43:02 PM,"Bitcoin Up or Down - March 6, 9:40PM-9:45PM ET",Up,phantom-filtered,0.72,0.94,27,5.94,phantom-win,171.32444620132446,6182.37,31464.73,243.15,0.02,0.71,0.73,1341.02,38004.5,0.01,4.61,5.559565782546997,9.794793605804443,68177.15,33.15999999998894,Up,tp,True,btc_move=$33<$40,,0,0,0
2026-03-06 21:48:18,09:48:18 PM,"Bitcoin Up or Down - March 6, 9:45PM-9:50PM ET",Up,phantom-filtered,0.7,0.94,28,6.72,phantom-win,177.10931754112244,5623.44,31297.48,0.0,0.01,0.69,0.7,1088.49,37858.66,0.01,5.17,16.10006856918335,62.58966302871704,68180.22,14.19999999999709,Up,tp,True,bid_70+=$0<$200|btc_move=$14<$40,,0,0,0
2026-03-06 21:54:24,09:54:24 PM,"Bitcoin Up or Down - March 6, 9:50PM-9:55PM ET",Up,phantom-filtered,0.79,0.96,25,4.25,phantom-win,179.30209612846375,6830.92,31101.52,1404.74,0.01,0.78,0.79,1281.89,37901.27,0.01,5.33,0.0,0.0,68256.59,26.589999999996508,Up,tp,True,btc_move=$27<$40,,0,0,0
2026-03-06 21:58:15,09:58:15 PM,"Bitcoin Up or Down - March 6, 9:55PM-10:00PM ET",Up,phantom-filtered,0.71,0.94,28,6.44,phantom-win,177.81715607643127,12305.18,30722.04,40.29,0.01,0.7,0.71,1342.67,42191.07,0.01,9.16,19.138208866119385,49.76042985916138,68245.11,4.180000000007567,Up,tp,True,bid_70+=$40<$200|btc_move=$4<$40,,0,0,0
2026-03-06 22:04:42,10:04:42 PM,"Bitcoin Up or Down - March 6, 10:00PM-10:05PM ET",Up,real,0.81,0.96,24.0,3.6,tp,179.07026839256287,5854.39,28615.38,2292.06,0.01,0.81,0.82,914.37,35300.73,0.02,6.4,42.42765998840332,49.797900915145874,68400.0,42.330000000001746,Up,tp,False,,,0,0,0
2026-03-06 22:09:01,10:09:01 PM,"Bitcoin Up or Down - March 6, 10:05PM-10:10PM ET",Up,phantom-choppy,0.96,0.95,20,-0.2,phantom-win,59.08631491661072,0,0,0,0,0,0,0,0,0,0,0,0,68405.3,38.9600000000064,Up,tp,True,skipped_choppy,choppy,0.97,0.6,0
2026-03-06 22:13:29,10:13:29 PM,"Bitcoin Up or Down - March 6, 10:10PM-10:15PM ET",Down,phantom-filtered,0.71,0.27,28,-12.32,phantom-lose,118.70166969299316,5493.81,27526.17,199.5,0.01,0.7,0.71,1224.51,28634.9,0.01,4.49,2.3281993865966797,120.54471755027771,68365.04,0.6899999999877764,Up,tp,True,bid_70+=$200<$200|btc_move=$1<$40,,0,0,0
2026-03-06 22:17:21,10:17:21 PM,"Bitcoin Up or Down - March 6, 10:15PM-10:20PM ET",Down,real,0.81,0.94,24.0,3.12,tp,179.88090419769287,3744.06,26489.67,1461.64,0.01,0.8,0.81,913.7,30397.72,0.01,4.1,3.394139289855957,30.94172739982605,68406.0,57.80000000000291,Up,tp,False,,,0,0,0
2026-03-06 22:24:51,10:24:51 PM,"Bitcoin Up or Down - March 6, 10:20PM-10:25PM ET",Down,phantom-choppy,0.61,0.97,32,11.52,phantom-win,59.01874876022339,0,0,0,0,0,0,0,0,0,0,0,0,68297.5,22.220000000001164,Down,tp,True,skipped_choppy,choppy,0.63,0.83,0
2026-03-06 22:29:18,10:29:18 PM,"Bitcoin Up or Down - March 6, 10:25PM-10:30PM ET",Down,phantom-choppy,0.88,0.95,22,1.54,phantom-win,59.42598867416382,0,0,0,0,0,0,0,0,0,0,0,0,68237.52,51.80000000000291,Down,tp,True,skipped_choppy,choppy,0.78,0.85,0
2026-03-06 22:34:20,10:34:20 PM,"Bitcoin Up or Down - March 6, 10:30PM-10:35PM ET",Up,phantom-choppy,0.56,0.28,35,-9.8,phantom-lose,59.52661633491516,0,0,0,0,0,0,0,0,0,0,0,0,68232.86,0.9400000000023283,Down,tp,True,skipped_choppy,choppy,0.87,0.6,0
2026-03-06 22:39:16,10:39:16 PM,"Bitcoin Up or Down - March 6, 10:35PM-10:40PM ET",Up,phantom-filtered,0.76,0.26,26,-13.0,phantom-lose,162.9098403453827,6657.01,29760.04,1382.88,0.01,0.75,0.76,880.01,37255.95,0.01,7.56,0.0,76.24850964546204,68258.1,15.810000000012224,Down,tp,True,btc_move=$16<$40,,0,0,0
2026-03-06 22:44:50,10:44:50 PM,"Bitcoin Up or Down - March 6, 10:40PM-10:45PM ET",Down,phantom-no_leader,0.68,0.94,29,7.54,phantom-win,59.872830629348755,0,0,0,0,0,0,0,0,0,0,0,0,68195.52,10.539999999993597,Down,tp,True,skipped_no_leader,no_leader,0.59,0.66,0
2026-03-06 22:48:47,10:48:47 PM,"Bitcoin Up or Down - March 6, 10:45PM-10:50PM ET",Up,phantom-filtered,0.76,0.94,26,4.68,phantom-win,178.38902854919434,7259.53,29887.09,145.0,0.05,0.71,0.76,1121.61,42586.7,0.05,6.47,10.852743864059448,12.956678867340088,68192.42,33.61000000000058,Down,tp,True,bid_70+=$145<$200|btc_move=$34<$40,,0,0,0
2026-03-06 22:53:15,10:53:15 PM,"Bitcoin Up or Down - March 6, 10:50PM-10:55PM ET",Down,phantom-filtered,0.76,0.95,26,4.94,phantom-win,169.2427043914795,4074.89,29821.14,438.72,0.01,0.75,0.76,1120.9,32167.28,0.02,3.64,6.596742630004883,70.12355446815491,68129.83,18.19999999999709,Down,tp,True,depth_ratio=3.6x<4x|btc_move=$18<$40,,0,0,0
2026-03-06 22:59:32,10:59:32 PM,"Bitcoin Up or Down - March 6, 10:55PM-11:00PM ET",Up,phantom-filtered,0.73,0.28,27,-12.15,phantom-lose,60.52231431007385,3376.08,28159.37,141.37,0.01,0.72,0.73,1046.26,30224.66,0.01,3.23,0.0,0.0,68151.95,2.0500000000029104,Down,tp,True,bid_70+=$141<$200|depth_ratio=3.2x<4x|btc_move=$2<$40,,0,0,0
2026-03-06 23:04:00,11:04:00 PM,"Bitcoin Up or Down - March 6, 11:00PM-11:05PM ET",Down,phantom-choppy,0.99,0.99,2000,0,phantom-win,59.81408405303955,0,0,0,0,0,0,0,0,0,0,0,0,67870.34,231.08000000000175,Down,tp,True,skipped_choppy,choppy,0.62,0.99,0
2026-03-06 23:08:27,11:08:27 PM,"Bitcoin Up or Down - March 6, 11:05PM-11:10PM ET",Up,real,0.82,0.94,24.0,2.88,tp,179.62541961669922,8596.61,28954.54,2794.53,0.01,0.81,0.82,908.5,36383.59,0.01,9.46,1.2964398860931396,16.037704944610596,67970.31,45.11000000000058,Down,tp,False,,,0,0,0
2026-03-06 23:13:40,11:13:40 PM,"Bitcoin Up or Down - March 6, 11:10PM-11:15PM ET",Up,real,0.9,0.95,22.0,1.1,tp,179.77418851852417,8979.64,29689.91,4092.68,0.01,0.89,0.9,700.29,36327.8,0.01,12.82,0.0,5.497152328491211,67975.18,46.169999999998254,Up,tp,False,,,0,0,0
2026-03-06 23:18:30,11:18:30 PM,"Bitcoin Up or Down - March 6, 11:15PM-11:20PM ET",Up,phantom-filtered,0.74,0.94,27,5.4,phantom-win,179.3531837463379,6783.59,29518.14,1061.52,0.01,0.73,0.74,1468.44,37683.67,0.01,4.62,0.0,0.0,67990.1,4.55000000000291,Up,tp,True,btc_move=$5<$40,,0,0,0
2026-03-06 23:24:43,11:24:43 PM,"Bitcoin Up or Down - March 6, 11:20PM-11:25PM ET",Up,phantom-choppy,0.75,0.95,26,5.2,phantom-win,59.54614806175232,0,0,0,0,0,0,0,0,0,0,0,0,68034.22,43.94999999999709,Up,tp,True,skipped_choppy,choppy,0.88,0.71,0
2026-03-06 23:29:48,11:29:48 PM,"Bitcoin Up or Down - March 6, 11:25PM-11:30PM ET",Down,phantom-choppy,0.79,0.96,25,4.25,phantom-win,59.059027910232544,0,0,0,0,0,0,0,0,0,0,0,0,68038.91,1.3700000000098953,Up,tp,True,skipped_choppy,choppy,0.61,0.86,0
2026-03-06 23:34:17,11:34:17 PM,"Bitcoin Up or Down - March 6, 11:30PM-11:35PM ET",Down,phantom-choppy,0.73,0.94,27,5.67,phantom-win,59.883010149002075,0,0,0,0,0,0,0,0,0,0,0,0,68028.18,12.220000000001164,Up,tp,True,skipped_choppy,choppy,0.61,0.76,0
2026-03-06 23:38:13,11:38:13 PM,"Bitcoin Up or Down - March 6, 11:35PM-11:40PM ET",Up,phantom-filtered,0.75,0.94,26,4.94,phantom-win,171.9831314086914,2788.77,29420.76,232.11,0.05,0.71,0.76,1090.76,32162.77,0.05,2.56,0.0,2.3295230865478516,68039.15,22.929999999993015,Up,tp,True,depth_ratio=2.6x<4x|btc_move=$23<$40,,0,0,0
2026-03-06 23:44:08,11:44:08 PM,"Bitcoin Up or Down - March 6, 11:40PM-11:45PM ET",Up,phantom-filtered,0.71,0.95,28,6.72,phantom-win,156.68734574317932,5190.82,30121.55,65.66,0.01,0.7,0.71,1560.66,35364.8,0.01,3.33,0.0,6.538780927658081,68140.51,2.599999999991269,Up,tp,True,bid_70+=$66<$200|depth_ratio=3.3x<4x|btc_move=$3<$40,,0,0,0
2026-03-06 23:49:51,11:49:51 PM,"Bitcoin Up or Down - March 6, 11:45PM-11:50PM ET",Down,phantom-filtered,0.75,0.94,26,4.94,phantom-win,179.55066442489624,4773.48,29473.4,1043.66,0.01,0.74,0.75,1264.02,33978.59,0.01,3.78,0.0,35.03720045089722,68103.35,11.639999999999418,Up,tp,True,depth_ratio=3.8x<4x|btc_move=$12<$40,,0,0,0
2026-03-06 23:54:46,11:54:46 PM,"Bitcoin Up or Down - March 6, 11:50PM-11:55PM ET",Up,phantom-choppy,0.71,0.28,28,-12.04,phantom-lose,59.31520390510559,0,0,0,0,0,0,0,0,0,0,0,0,68096.8,8.929999999993015,Up,tp,True,skipped_choppy,choppy,0.88,0.63,0
2026-03-06 23:59:31,11:59:31 PM,"Bitcoin Up or Down - March 6, 11:55PM-12:00AM ET",Down,phantom-choppy,0.75,0.95,26,5.2,phantom-win,59.71252131462097,0,0,0,0,0,0,0,0,0,0,0,0,68078.56,25.089999999996508,Up,tp,True,skipped_choppy,choppy,0.77,0.84,0
2026-03-07 00:04:27,12:04:27 AM,"Bitcoin Up or Down - March 7, 12:00AM-12:05AM ET",Up,phantom-filtered,0.79,0.94,25,3.75,phantom-win,179.68748331069946,6217.78,31525.27,1665.75,0.01,0.78,0.79,1186.41,35797.2,0.01,5.24,0.0,10.812005758285522,68103.21,18.970000000001164,Up,tp,True,btc_move=$19<$40,,0,0,0
2026-03-07 00:09:55,12:09:55 AM,"Bitcoin Up or Down - March 7, 12:05AM-12:10AM ET",Up,phantom-choppy,0.79,1.0,25,5.25,phantom-win,59.99670124053955,0,0,0,0,0,0,0,0,0,0,0,0,68108.58,6.110000000000582,Up,tp,True,skipped_choppy,choppy,0.88,0.65,0
2026-03-07 00:14:01,12:14:01 AM,"Bitcoin Up or Down - March 7, 12:10AM-12:15AM ET",Down,phantom-no_leader,1.0,0.991,20,-0.18,phantom-win,59.07807183265686,0,0,0,0,0,0,0,0,0,0,0,0,68005.06,12.540000000008149,Up,tp,True,skipped_no_leader,no_leader,0.18,0.998,0
2026-03-07 00:18:26,12:18:26 AM,"Bitcoin Up or Down - March 7, 12:15AM-12:20AM ET",Down,real,0.81,0.94,24.0,3.12,tp,179.91649508476257,5781.84,28138.15,1685.16,0.01,0.8,0.81,792.43,33807.57,0.01,7.3,46.70743942260742,48.819976568222046,67940.91,77.77999999999884,Up,tp,False,,,0,0,0
